track	mean	std	p01	p99	n_valid
external	1.7575450332003617	4.344980150380949	0.08768149986863136	24.26900412473675	30000
alphagenome	222.64320175	529.5123134139203	32.81975	3011.865599999996	30000
hyena	0.0964807088180689	0.04800580951380752	0.04934799553887276	0.321723862421666	20377
dimelo	0.09549758491548463	0.0780241418331346	0.0009752180927341319	0.4258488683146787	20377
