track	mean	std	p01	p99	n_valid
external	1.7575450332003617	4.344980150380949	0.08768149986863136	24.26900412473675	30000
alphagenome	222.64320175	529.5123134139203	32.81975	3011.865599999996	30000
hyena	0.09625058311777558	0.04903685078779474	0.03633450698618703	0.3039501137320703	20352
dimelo	0.09549758491548463	0.0780241418331346	0.0009752180927341319	0.4258488683146787	20377
