track	mean	std	p01	p99	n_valid
external	5.365150188945056	13.83356918092703	0.15522624410390853	72.10535843408586	6000
alphagenome	222.64320175	475.642253153426	40.31366	2459.477120000002	6000
hyena	0.09462195098940503	0.03989770207058207	0.05482913462348477	0.27948311962132905	4105
dimelo	0.09331887619152061	0.06249055412410957	0.008010294622991564	0.3405351930792873	4105
