mark	n_bins	mean_meth_frac	std_meth_frac	q10	q25	median	q75	q90	frac_lt_0_20	frac_gt_0_80
h3k27ac	3022353	0.16890378296375275	0.05373707041144371	0.11141267716884613	0.13538387417793274	0.1642066389322281	0.19619734585285187	0.22877567410469057	0.7732634143000503	0.0003450953611308805
h3k27me3	3019241	0.08321435004472733	0.035686295479536057	0.04563145712018013	0.05994917079806328	0.07869534939527512	0.10079575330018997	0.12427453696727753	0.9926640503358294	5.464949634692958e-05
h3k4me3	3021485	0.09646349400281906	0.038463249802589417	0.05662441998720169	0.07191357761621475	0.09162848442792892	0.1147540956735611	0.13956192433834075	0.9866552374080957	7.314284201311606e-05
