sample	n	mean	std	q10	median	q90
h3k27ac	120000	33.85530471801758	25.653074264526367	2.0824999809265137	30.0	71.43000030517578
h3k27me3	120000	25.915491104125977	24.458932876586914	0.0	19.078332901000977	62.95729446411133
h3k4me3	120000	28.61395263671875	25.72381019592285	0.0	22.56333351135254	67.11605377197272
