sample	n	pearson
h3k27ac	120000	-0.057261587879925684
h3k27me3	120000	-0.21366850112980135
h3k4me3	120000	-0.09416747364613173
