sample	mi_200bp_bits	mi_50bp_bits
h3k27ac	0.009525	0.007074
h3k27me3	0.072918	0.033012
h3k4me3	0.021395	0.012885
