sample	mutual_information_bits
h3k27ac	0.00707384010045644
h3k27me3	0.03301163335609458
h3k4me3	0.012885355450714968
