sample	mean_a_background	mean_a_promoter	mean_c_background	mean_c_promoter
h3k27ac	0.05057084187865257	0.06076718121767044	33.85530471801758	36.572261810302734
h3k27me3	0.125188410282135	0.14258360862731934	25.915491104125977	28.070592880249023
h3k4me3	0.07259070873260498	0.09566895663738251	28.61395263671875	31.382204055786133
