scope	model	track	experimental_sample	threshold_name	threshold	number_of_regions	number_of_bins	pearson	spearman	auroc	auprc	positive_fraction	auprc_enrichment	pearson_ci_low	pearson_ci_high	spearman_ci_low	spearman_ci_high	auroc_ci_low	auroc_ci_high	auprc_ci_low	auprc_ci_high
pooled	AlphaGenome	A549_H3K4me3_fixed_mean	merged_c1	top_10_percent_primary_200bp	0.148506403068899	59	14105	0.5678115728584778	0.3620097633147532	0.866925961048568	0.6223885877764816	0.12031194611839773	5.17312376581454	0.5248236580958607	0.6053145974736228	0.3163019836377974	0.4086340475992136	0.8415275717041251	0.8876622130238467	0.5585350894651455	0.6800766029766047
pooled	HyenaDNA	HyenaDNA	merged_c1	top_10_percent_primary_200bp	0.148506403068899	59	14105	0.6733516336953587	0.5196585367870319	0.8557206615231415	0.5568858419844741	0.12031194611839773	4.628682852793758	0.6382097967245121	0.7064532826821059	0.4751171755435902	0.5684552728643769	0.8366232303331029	0.8741285407874323	0.5148194443533624	0.5986270896007173
pooled	AlphaGenome	A549_H3K4me3_fixed_mean	merged_e5b	top_10_percent_primary_200bp	0.148506403068899	50	11854	0.5847965818742481	0.347111480049223	0.8366387276687769	0.6445439422678628	0.13134806816264552	4.907144439077229	0.5562640200823055	0.6120554646787076	0.28879881645974725	0.40004539395809935	0.7886764537486973	0.8763437347703465	0.5969869875729468	0.6865909564422594
pooled	HyenaDNA	HyenaDNA	merged_e5b	top_10_percent_primary_200bp	0.148506403068899	50	11854	0.6854007665312349	0.5701465304300454	0.8534557053082849	0.5706553351395458	0.13134806816264552	4.34460394524353	0.649442255382774	0.7188970171997696	0.5156537597490523	0.6172254354462797	0.8245790941712059	0.8785008624947562	0.5299250154735998	0.6123099182399232
pooled	AlphaGenome	A549_H3K4me3_fixed_mean	pooled	top_10_percent_primary_200bp	0.148506403068899	59	16720	0.5810318235400429	0.37489963120153263	0.8731027851142918	0.6409473568487635	0.11698564593301436	5.478854706805381	0.5476178920200253	0.6139960199249144	0.3320744897741219	0.41684106097656815	0.8534675899672228	0.8921439515092727	0.5981724430486821	0.6826424297026292
pooled	HyenaDNA	HyenaDNA	pooled	top_10_percent_primary_200bp	0.148506403068899	59	16720	0.6926206135894604	0.5726970923598889	0.8652833205625357	0.5649526776781341	0.11698564593301436	4.829247837821269	0.6588699860505559	0.7259164369408205	0.5332013477865687	0.6107493546841078	0.8464691240850445	0.8831863778680904	0.5253846153548538	0.6093872764903223
