mark	n_reads	mean_read_length	median_read_length	mean_pass_fraction	mean_fail_fraction	mean_frac_A_mod_pass	mean_frac_C_mod_pass	mean_n_A_mod_pass	mean_n_C_mod_pass
h3k27ac	1144	9639.907342657343	3452.5	0.8406480453665583	0.15935195463344165	0.0007004892002087568	0.11773574629497086	0.9711538461538461	194.65734265734267
h3k27me3	2111	8489.800094741828	2535.0	0.9033261030554812	0.09667389694451876	0.0023427099048941307	0.044362403735448884	2.8777830412126955	79.19801042160114
h3k4me3	1794	8788.995540691192	3025.5	0.8859273948782441	0.11407260512175589	0.001481545482737602	0.05278244586738531	1.9286510590858417	81.69453734671126
