locus_id	chrom	window_start	window_end	read_id_1	read_id_2	mapq_1	mapq_2	coverage_fraction_1	coverage_fraction_2	valid_6ma_positions_1	valid_6ma_positions_2	valid_5mc_positions_1	valid_5mc_positions_2	observed_6ma_mae	observed_6ma_correlation_distance	predicted_6ma_mae	predicted_6ma_correlation_distance	observed_5mc_mae	observed_5mc_correlation_distance	predicted_5mc_mae	predicted_5mc_correlation_distance	shared_valid_bins_observed_6ma	shared_valid_bins_predicted_6ma	shared_valid_bins_observed_5mc	shared_valid_bins_predicted_5mc	pair_prediction_error_6ma	dna_distance	substitution_distance	indel_distance	comparable_bases	comparable_fraction	sequence_mismatches	sequence_indels	case	case_score	dna_low_threshold	dna_high_threshold	observed_6ma_low_threshold	observed_6ma_high_threshold
chr16:28824318-28824818	chr16	28824318	28824818	effde404-7385-4ebb-895e-2f5b4d5e9c0f	8684ff89-9efd-4225-a542-f668ebf7187b	60	60	0.988	0.984	79	82	26	26	0.3962077498435974	1.0814652177928084			0.0186631940305233	0.17007640551193248			10	0	9	0		0.01440329218106996	0.01440329218106996	0.0	486	0.972	7	0	A_lowDNA_high6mA	3.793211475873263	0.032002799359667426	0.7783247880475177	0.09318545311689377	0.3138016760349274
chr16:30005486-30005986	chr16	30005486	30005986	ff2ebf09-e6c5-44a6-9adc-bcf131d2f326	6556a236-54b3-45f7-8ea5-b5566ee23450	60	60	0.976	0.996	109	111	15	18	0.055630553513765335	1.0910569069735838			0.2341890037059784	0.3325759718348368			10	0	7	0		0.7880658436213992	0.7880658436213992	0.0	486	0.972	383	0	B_highDNA_low6mA	2.1710535777877613	0.032002799359667426	0.7783247880475177	0.09318545311689377	0.3138016760349274
