locus_id	n_pairs	dna_vs_6ma_pearson	dna_vs_6ma_spearman	dna_vs_6ma_n	5mc_vs_6ma_pearson	5mc_vs_6ma_spearman	5mc_vs_6ma_n	observed_vs_predicted_6ma_pearson	observed_vs_predicted_6ma_spearman	observed_vs_predicted_6ma_n
chr16:30005486-30005986	15	0.14396274574732668	0.38928571428571423	15	-0.15563865444807626	-0.021428571428571425	15	0.6912802282212933	0.5821428571428571	15
