m_bin	reg_bin	count	expected_if_independent	enrichment	m_low	m_high	reg_low	reg_high
1	1	29	124.8	0.23237179487179488	0.013671875	0.4716796875	0.0	0.034997558593750006
1	2	30	124.8	0.2403846153846154	0.013671875	0.4716796875	0.034997558593750006	0.05573730468750002
1	3	53	124.8	0.42467948717948717	0.013671875	0.4716796875	0.05573730468750002	0.08205566406250002
1	4	125	124.8	1.001602564102564	0.013671875	0.4716796875	0.08205566406250002	0.1337402343750001
1	5	387	124.8	3.1009615384615383	0.013671875	0.4716796875	0.1337402343750001	0.478515625
2	1	39	125.0	0.312	0.4716796875	0.57568359375	0.0	0.034997558593750006
2	2	64	125.0	0.512	0.4716796875	0.57568359375	0.034997558593750006	0.05573730468750002
2	3	105	125.0	0.84	0.4716796875	0.57568359375	0.05573730468750002	0.08205566406250002
2	4	216	125.0	1.728	0.4716796875	0.57568359375	0.08205566406250002	0.1337402343750001
2	5	201	125.0	1.608	0.4716796875	0.57568359375	0.1337402343750001	0.478515625
3	1	77	125.8	0.6120826709062003	0.57568359375	0.6696289062500002	0.0	0.034997558593750006
3	2	153	125.8	1.2162162162162162	0.57568359375	0.6696289062500002	0.034997558593750006	0.05573730468750002
3	3	197	125.8	1.5659777424483308	0.57568359375	0.6696289062500002	0.05573730468750002	0.08205566406250002
3	4	171	125.8	1.3593004769475359	0.57568359375	0.6696289062500002	0.08205566406250002	0.1337402343750001
3	5	31	125.8	0.246422893481717	0.57568359375	0.6696289062500002	0.1337402343750001	0.478515625
4	1	166	125.0	1.328	0.6696289062500002	0.7685546875	0.0	0.034997558593750006
4	2	188	125.0	1.504	0.6696289062500002	0.7685546875	0.034997558593750006	0.05573730468750002
4	3	183	125.0	1.464	0.6696289062500002	0.7685546875	0.05573730468750002	0.08205566406250002
4	4	84	125.0	0.672	0.6696289062500002	0.7685546875	0.08205566406250002	0.1337402343750001
4	5	4	125.0	0.032	0.6696289062500002	0.7685546875	0.1337402343750001	0.478515625
5	1	315	125.4	2.511961722488038	0.7685546875	0.990234375	0.0	0.034997558593750006
5	2	191	125.4	1.5231259968102073	0.7685546875	0.990234375	0.034997558593750006	0.05573730468750002
5	3	88	125.4	0.7017543859649122	0.7685546875	0.990234375	0.05573730468750002	0.08205566406250002
5	4	30	125.4	0.23923444976076555	0.7685546875	0.990234375	0.08205566406250002	0.1337402343750001
5	5	3	125.4	0.023923444976076555	0.7685546875	0.990234375	0.1337402343750001	0.478515625
