unit	scope	group	n	pearson	spearman
window	all	all	3130	-0.6720769087823565	-0.6772706113303852
window	sample	merged_c1	1591	-0.7202755729735918	-0.7212729003789042
window	sample	merged_e5b	1539	-0.6209662500727497	-0.6282112614282418
window	chrom	chr16	3130	-0.6720769087823565	-0.6772706113303852
read_overlap_collapsed	all	all	1525	-0.7058846026329045	-0.6975447636158865
read_overlap_collapsed	sample	merged_c1	859	-0.7253973702002363	-0.7131091098034814
read_overlap_collapsed	sample	merged_e5b	666	-0.6756568889457132	-0.6746567581886767
read_overlap_collapsed	chrom	chr16	1525	-0.7058846026329045	-0.6975447636158865
region	all	all	59	-0.5988019560402552	-0.5740502630040912
region	sample	merged_c1	30	-0.7923259297815732	-0.7365962180200223
region	sample	merged_e5b	29	-0.33868575048729765	-0.3113300492610837
region	chrom	chr16	59	-0.5988019560402552	-0.5740502630040912
