split	threshold_source	threshold	n	tp	fp	fn	tn	precision	recall	specificity	f1	predicted_positive_fraction	true_positive_fraction
val	best_on_val	0.117	3887376	53399	404353	140802	3288822	0.11665486988587707	0.274967688116951	0.8905134471017485	0.16381242206109947	0.11775346660575155	0.04995683463601154
test	best_on_val	0.117	5869663	91605	648151	212800	4917107	0.12383137142517263	0.30093132504393816	0.8835362170091665	0.17546144703738217	0.12603040413052674	0.05186072863126895
test	fixed_0.5	0.5	5869663	217	345	304188	5564913	0.3861209964412811	0.0007128660830144052	0.9999380082648459	0.001423104794945027	9.574655308149719e-05	0.05186072863126895
