chromosome	reads	valid_positions	pearson	spearman	auroc	auprc	pos_frac	auprc_enrichment	mae	mean_pred	mean_target
chr16	1877	5869663	0.227628	0.208170	0.692675	0.121617	0.051861	2.345075	0.110294	0.076722	0.083224
chr11	1393	4390732	0.230277	0.223478	0.693939	0.122128	0.051994	2.348875	0.110723	0.078743	0.080730
chr17	1632	4058161	0.204985	0.182863	0.674939	0.106817	0.047166	2.264683	0.109125	0.079715	0.075338
chr19	1550	4493094	0.217831	0.198921	0.684414	0.122825	0.055234	2.223719	0.112979	0.077187	0.085453
