{
  "checkpoint": "/data/leuven/383/vsc38330/thesis_dimelo/train/c1_within_dataset_sanity/cnn_v2_c1_within_5Mtrain_1Mval_01/best_model.pt",
  "data_npz": "/data/leuven/383/vsc38330/thesis_dimelo/train/c1_within_dataset_sanity/merged_c1_val_balanced_1M_per_class.nonoverlap.npz",
  "rows": 2000000,
  "label_counts": {
    "0": 1000000,
    "1": 1000000
  },
  "roc_auc": 0.5939855790115,
  "average_precision_pr_auc": 0.5928629818289308,
  "probability_summary": {
    "min": 0.007938481867313385,
    "p01": 0.2088274210691452,
    "p05": 0.3708203434944153,
    "p25": 0.5193127393722534,
    "median": 0.5332702398300171,
    "p75": 0.5546151995658875,
    "p95": 0.6274438500404358,
    "p99": 0.7446584701538086,
    "max": 0.8933078050613403,
    "mean": 0.5217906832695007
  },
  "threshold_metrics": {
    "0.05": {
      "accuracy": 0.5003305,
      "precision": 0.500165313397688,
      "recall": 0.999947,
      "f1": 0.6668018123300191,
      "tp": 999947,
      "tn": 714,
      "fp": 999286,
      "fn": 53
    },
    "0.1": {
      "accuracy": 0.5012525,
      "precision": 0.5006272771663599,
      "recall": 0.999615,
      "f1": 0.6671382926361278,
      "tp": 999615,
      "tn": 2890,
      "fp": 997110,
      "fn": 385
    },
    "0.2": {
      "accuracy": 0.5042965,
      "precision": 0.5021636802859594,
      "recall": 0.997165,
      "f1": 0.6679523347166881,
      "tp": 997165,
      "tn": 11428,
      "fp": 988572,
      "fn": 2835
    },
    "0.3": {
      "accuracy": 0.512338,
      "precision": 0.5063669681403892,
      "recall": 0.981245,
      "f1": 0.668010296090903,
      "tp": 981245,
      "tn": 43431,
      "fp": 956569,
      "fn": 18755
    },
    "0.4": {
      "accuracy": 0.540871,
      "precision": 0.5229761833822228,
      "recall": 0.930292,
      "f1": 0.669553720578572,
      "tp": 930292,
      "tn": 151450,
      "fp": 848550,
      "fn": 69708
    },
    "0.5": {
      "accuracy": 0.5572405,
      "precision": 0.5359379542039945,
      "recall": 0.85362,
      "f1": 0.6584645931226158,
      "tp": 853620,
      "tn": 260861,
      "fp": 739139,
      "fn": 146380
    },
    "0.6": {
      "accuracy": 0.5338655,
      "precision": 0.6792517744949107,
      "recall": 0.128329,
      "f1": 0.21587364068609763,
      "tp": 128329,
      "tn": 939402,
      "fp": 60598,
      "fn": 871671
    },
    "0.7": {
      "accuracy": 0.5230325,
      "precision": 0.8152589003408204,
      "recall": 0.059562,
      "f1": 0.1110134671066549,
      "tp": 59562,
      "tn": 986503,
      "fp": 13497,
      "fn": 940438
    },
    "0.8": {
      "accuracy": 0.500602,
      "precision": 0.7157706093189964,
      "recall": 0.001997,
      "f1": 0.003982887743196482,
      "tp": 1997,
      "tn": 999207,
      "fp": 793,
      "fn": 998003
    },
    "0.9": {
      "accuracy": 0.5,
      "precision": 0.0,
      "recall": 0.0,
      "f1": 0.0,
      "tp": 0,
      "tn": 1000000,
      "fp": 0,
      "fn": 1000000
    },
    "0.95": {
      "accuracy": 0.5,
      "precision": 0.0,
      "recall": 0.0,
      "f1": 0.0,
      "tp": 0,
      "tn": 1000000,
      "fp": 0,
      "fn": 1000000
    }
  },
  "best_f1": {
    "threshold": 0.4,
    "metrics": {
      "accuracy": 0.540871,
      "precision": 0.5229761833822228,
      "recall": 0.930292,
      "f1": 0.669553720578572,
      "tp": 930292,
      "tn": 151450,
      "fp": 848550,
      "fn": 69708
    }
  },
  "best_accuracy": {
    "threshold": 0.53,
    "metrics": {
      "accuracy": 0.56014,
      "precision": 0.5523539243679922,
      "recall": 0.6345,
      "f1": 0.5905841617334971,
      "tp": 634500,
      "tn": 485780,
      "fp": 514220,
      "fn": 365500
    }
  }
}