sample	n	mean	std	q10	median	q90
merged_c1	20000	61.45601272583008	36.908668518066406	0.0	74.96906280517578	100.0
