scope	model	track	experimental_sample	threshold_name	threshold	number_of_regions	number_of_bins	pearson	spearman	auroc	auprc	positive_fraction	auprc_enrichment	pearson_ci_low	pearson_ci_high	spearman_ci_low	spearman_ci_high	auroc_ci_low	auroc_ci_high	auprc_ci_low	auprc_ci_high
pooled	AlphaGenome	A549_H3K4me3_fixed_mean	merged_c1	top_10_percent_primary_200bp	0.148506403068899	59	14105	0.567811572858478	0.3620097633147532	0.866925961048568	0.6223885877764816	0.12031194611839773	5.17312376581454	0.5475523866437784	0.6139098809183496	0.3418462921507199	0.3935973042093671	0.8521763978474814	0.8815895353414481	0.5807447813187673	0.6617336956265655
pooled	HyenaDNA	HyenaDNA	merged_c1	top_10_percent_primary_200bp	0.148506403068899	59	14105	0.6733516336953587	0.5196585367870319	0.8557206615231415	0.5568858419844741	0.12031194611839773	4.628682852793758	0.6463141218382068	0.7143716878957095	0.4732832923091236	0.5431745767153718	0.8445854033540736	0.8770914228935729	0.5174615031274027	0.6095934181612451
pooled	AlphaGenome	A549_H3K4me3_fixed_mean	merged_e5b	top_10_percent_primary_200bp	0.148506403068899	50	11854	0.584796581874248	0.347111480049223	0.8366387276687769	0.6445439422678628	0.13134806816264552	4.907144439077229	0.5794479448430746	0.5960480491395747	0.3036583566256601	0.3909048963879371	0.7919153010685115	0.8761595589253699	0.5996514252690482	0.677037967548092
pooled	HyenaDNA	HyenaDNA	merged_e5b	top_10_percent_primary_200bp	0.148506403068899	50	11854	0.6854007665312348	0.5701465304300454	0.8534557053082849	0.5706553351395458	0.13134806816264552	4.34460394524353	0.6458355167576061	0.7129420895078218	0.5295375688452301	0.6162725302575043	0.8376629359591999	0.877324703477916	0.541671994271902	0.6042834273996508
pooled	AlphaGenome	A549_H3K4me3_fixed_mean	pooled	top_10_percent_primary_200bp	0.148506403068899	59	16720	0.5810318235400429	0.37489963120153263	0.8731027851142918	0.6409473568487635	0.11698564593301436	5.478854706805381	0.5610184006917487	0.6187726799600963	0.3543973550500094	0.39804307616338674	0.8541853677849274	0.8834147212440413	0.6089419615350997	0.671847112172978
pooled	HyenaDNA	HyenaDNA	pooled	top_10_percent_primary_200bp	0.148506403068899	59	16720	0.6926206135894605	0.5726970923598889	0.8652833205625357	0.5649526776781341	0.11698564593301436	4.829247837821269	0.6662774607763815	0.7295429415228909	0.5283910828546038	0.592047896972458	0.8518209725431821	0.8893359356696104	0.5203579294442863	0.6210172354752715
