unit	scope	group	n	pearson	spearman
window	all	all	1254	-0.6057360120148814	-0.6046926605553504
window	sample	merged_c1	657	-0.684765172992055	-0.6809521257574797
window	sample	merged_e5b	597	-0.5132603341751921	-0.5270004690875174
window	chrom	chr16	1254	-0.6057360120148814	-0.6046926605553504
region	all	all	30	-0.6149401151507428	-0.5915461624026696
region	sample	merged_c1	15	-0.8102327820961904	-0.7678571428571428
region	sample	merged_e5b	15	-0.40063054567291	-0.4107142857142856
region	chrom	chr16	30	-0.6149401151507428	-0.5915461624026696
