mark	variance_class	loci	target_variance_mean	target_variance_median	target_mean_mean	target_mean_median	fraction_locus_mismatch_mean	fraction_locus_mismatch_median	fraction_locus_deleted_mean	fraction_locus_deleted_median	fraction_insertion_near_locus_mean	fraction_insertion_near_locus_median	mean_local_mismatch_rate_mean	mean_local_mismatch_rate_median	mean_local_indel_bases_per_ref_base_mean	mean_local_indel_bases_per_ref_base_median	mean_mapq_mean	mean_mapq_median	mean_nm_mean	mean_nm_median	mean_softclip_fraction_mean	mean_softclip_fraction_median
5mC	high	500	0.24869432024822025	0.24715561797653418	0.490763614374025	0.4943359375	0.7310428016473188	0.7407407407407407	0.04418672422226224	0.02857142857142857	0.08813351458139723	0.07692307692307693	0.6104217967557255	0.6146015924772799	0.03861668634190295	0.03502188868042527	45.3889685665447	59.232480533926584	1179.0005512792195	1055.873076923077	0.05239460042952517	0.024868903334029975
5mC	low	500	5.9400566512325915e-06	6.339663550967262e-06	0.02250952091860571	0.0043712797619047	0.7503801232160443	0.76	0.04643274489053121	0.030303030303030304	0.08810488416994716	0.07692307692307693	0.5745612854403395	0.5766988603403633	0.06306468185340003	0.03319783197831978	56.458231211224806	60.0	1146.118292336237	1123.2063492063494	0.023495080491728798	0.017605561307971
6mA	high	500	0.2519232844854647	0.25069178734625963	0.4591947819348365	0.4560046073717949	0.7174242701685324	0.7272727272727273	0.021285042765292812	0.0	0.08856982920803066	0.07692307692307693	0.6037287739402984	0.6064261931949555	0.04088288620114547	0.0378579965472976	58.41548044849274	59.71875	1187.6981410940225	1128.3758865248228	0.024083323302729654	0.02037476608986246
6mA	low	500	0.0	0.0	0.0	0.0	0.6003162456447088	0.6314814814814815	0.029262837773653638	0.0	0.061003307873328756	0.041666666666666664	0.6144490015049385	0.6127338770213698	0.03431895709525445	0.02598752598752599	58.79143273934728	59.21212121212121	1208.5168602775168	1129.138888888889	0.03406128528257864	0.03208520338110168
