group	task	valid_positions	bce	mse	mae	mean_pred	mean_target	pearson	spearman	auroc	auprc	positive_fraction
chr16	5mC	731336	0.6081631183624268	0.13432347774505615	0.31682664155960083	0.5516239404678345	0.5947332382202148	0.4501087963581085	0.3878127703559981	0.7262858460618294	0.7710876943346651	0.6012133957579006
chr16	6mA	6594628	0.256606787443161	0.035460326820611954	0.10563694685697556	0.0709470808506012	0.07497873902320862	0.20301151275634766	0.19721204388264427	0.6805831324141743	0.10990730972912822	0.04973942427078525
