group	task	valid_positions	bce	mse	mae	mean_pred	mean_target	pearson	spearman	auroc	auprc	positive_fraction
chr16	5mC	162924	0.6177056431770325	0.14291541278362274	0.32708901166915894	0.5999405980110168	0.6264613270759583	0.3695046305656433	0.26327762727186477	0.6635540797047514	0.7395833862169625	0.6373094203432275
chr16	6mA	1479948	0.24487359821796417	0.035234514623880386	0.11212746053934097	0.08033675700426102	0.06795982271432877	0.13751062750816345	0.10853636657854031	0.6394903653527831	0.0836468572099712	0.04715233237924576
