group	task	valid_positions	bce	mse	mae	mean_pred	mean_target	pearson	spearman	auroc	auprc	positive_fraction
merged_c1	5mC	289216	0.6396018862724304	0.14391933381557465	0.3233043849468231	0.6186283826828003	0.6275335550308228	0.31017351150512695	0.25339029443019084	0.6520538280948976	0.7432514739663458	0.6361715811020138
merged_c1	6mA	2255155	0.28142234683036804	0.038085803389549255	0.11695414036512375	0.08160510659217834	0.08392132073640823	0.16112977266311646	0.14177847052111042	0.6606432679583653	0.09690781846461911	0.05379585882123402
merged_e5b	5mC	290763	0.6437704563140869	0.14118464291095734	0.324876606464386	0.5826013088226318	0.6172536015510559	0.3183412551879883	0.26541635486047943	0.6532579587551419	0.73698391441498	0.6272393667694995
merged_e5b	6mA	2311918	0.2874172329902649	0.03913617506623268	0.12534025311470032	0.09578510373830795	0.08629109710454941	0.16432178020477295	0.1517993275479232	0.6540716077236193	0.09903447185469302	0.05599376794505687
