group	task	valid_positions	bce	mse	mae	mean_pred	mean_target	pearson	spearman	auroc	auprc	positive_fraction
merged_c1	5mC	523212	0.6057538390159607	0.1272244155406952	0.3064694106578827	0.6128932237625122	0.6056013107299805	0.43979835510253906	0.3388293123528565	0.6982891947912302	0.7458252163474948	0.6112168681146457
merged_c1	6mA	4954011	0.27795058488845825	0.035498518496751785	0.11469340324401855	0.08322779089212418	0.08275219053030014	0.18633203208446503	0.14776554770231126	0.6687461522753463	0.1076825957279794	0.050709818771092756
merged_e5b	5mC	571557	0.6133540868759155	0.1293489933013916	0.3074131906032562	0.6145510077476501	0.5971474647521973	0.4286562204360962	0.33832331172961916	0.6964516526077387	0.7388757168805531	0.6026835468728403
merged_e5b	6mA	5239247	0.28576624393463135	0.03768607974052429	0.11704196035861969	0.08286742866039276	0.08623387664556503	0.1892879605293274	0.15070713862031762	0.6706858840109977	0.11354745641151864	0.05426314124911461
