group	task	valid_positions	bce	mse	mae	mean_pred	mean_target	pearson	spearman	auroc	auprc	positive_fraction
chr19	5mC	432464	0.6355211138725281	0.14156007766723633	0.32493460178375244	0.5897427201271057	0.6077279448509216	0.34530729055404663	0.2666568918150113	0.6611538665941663	0.723405729682475	0.6167218543046358
chr19	6mA	3325838	0.2854040563106537	0.04076020047068596	0.121811144053936	0.08526108413934708	0.08502411842346191	0.15338511765003204	0.13224926781306304	0.6517080287515644	0.101376036851621	0.057590297543055315
