group	task	valid_positions	bce	mse	mae	mean_pred	mean_target	pearson	spearman	auroc	auprc	positive_fraction
chr19	5mC	640650	0.6226141452789307	0.13579842448234558	0.31907057762145996	0.5480622053146362	0.6174412369728088	0.40539437532424927	0.33785821275163197	0.6958786667528878	0.7642920046405792	0.6274049793178803
chr19	6mA	5234971	0.27875998616218567	0.038197338581085205	0.11281414330005646	0.07571720331907272	0.0837334468960762	0.20779280364513397	0.175091135228772	0.6827537566889905	0.1235143108118975	0.055080343329504594
