group	task	valid_positions	bce	mse	mae	mean_pred	mean_target	pearson	spearman	auroc	auprc	positive_fraction
merged_c1	5mC	67767	0.5977292656898499	0.1301710456609726	0.3064011335372925	0.5942690372467041	0.5871921181678772	0.47412702441215515	0.3757468502136327	0.7257859906677648	0.7479150472180425	0.5905529239895524
merged_c1	6mA	525678	0.27352985739707947	0.03865299001336098	0.11186467856168747	0.07115262001752853	0.08071930706501007	0.17967353761196136	0.12002817373059894	0.6590054191935217	0.11166328605627215	0.0540559049456131
merged_e5b	5mC	318237	0.6092818379402161	0.1293538510799408	0.3069521188735962	0.6310628056526184	0.6090921759605408	0.42724642157554626	0.31736572745743946	0.6900682811790173	0.7416032466050702	0.616597064451965
merged_e5b	6mA	3048735	0.2786940634250641	0.03698492795228958	0.10641229152679443	0.06297924369573593	0.08150089532136917	0.16683009266853333	0.1257686345100577	0.6514118184470687	0.10172395873911626	0.052355485143838344
