group	task	valid_positions	bce	mse	mae	mean_pred	mean_target	pearson	spearman	auroc	auprc	positive_fraction
merged_c1	5mC	81249	0.6206878423690796	0.14057736098766327	0.3239896297454834	0.5969604849815369	0.6265357732772827	0.36601316928863525	0.2540239309426978	0.6559663290950829	0.7324695365420054	0.6367955297911359
merged_c1	6mA	721125	0.2660832405090332	0.03414951637387276	0.1110338419675827	0.07788314670324326	0.07620697468519211	0.1316836178302765	0.08883985225906899	0.6453252005145174	0.08375571189398123	0.04693638412203155
merged_e5b	5mC	81675	0.6147391200065613	0.14524129033088684	0.33017218112945557	0.6029052734375	0.6263872385025024	0.37319180369377136	0.27269911092172994	0.6713649929927568	0.7468303757510517	0.6378206305479033
merged_e5b	6mA	758823	0.22471767663955688	0.03626561164855957	0.11316673457622528	0.08266846835613251	0.06012239307165146	0.147960364818573	0.1589203576957306	0.6342219114156986	0.08384120648865473	0.04735755241999781
