group	task	valid_positions	bce	mse	mae	mean_pred	mean_target	pearson	spearman	auroc	auprc	positive_fraction
chr16	5mC	386004	0.607767641544342	0.12972284853458405	0.310067355632782	0.6141572594642639	0.6052473783493042	0.4325691759586334	0.32846788175918074	0.6963182483359682	0.7429078375235818	0.6120247458575558
chr16	6mA	3574413	0.2756786346435547	0.036962855607271194	0.11523037403821945	0.08072198927402496	0.08138594031333923	0.17248131334781647	0.13052115921014765	0.6599146913005891	0.10501390793161283	0.05260556068926562
