group	task	valid_positions	bce	mse	mae	mean_pred	mean_target	pearson	spearman	auroc	auprc	positive_fraction
chr17	5mC	452408	0.6059034466743469	0.12959130108356476	0.3125292658805847	0.5518190860748291	0.6085079908370972	0.45595595240592957	0.3783707634453025	0.7192091914139617	0.7716046302890658	0.61502007037895
chr17	6mA	4575428	0.27073705196380615	0.034138068556785583	0.1079501062631607	0.07445355504751205	0.0799202099442482	0.19702808558940887	0.17116541945275812	0.6676578627277652	0.10628175242605054	0.048666703967366554
