group	task	valid_positions	bce	mse	mae	mean_pred	mean_target	pearson	spearman	auroc	auprc	positive_fraction
merged_c1	5mC	578085	0.6376413106918335	0.14443162083625793	0.33852940797805786	0.5256425738334656	0.6177136301994324	0.3700559735298157	0.2899275049767873	0.6748662515581026	0.738362051087927	0.62558274302222
merged_c1	6mA	5167985	0.2756248414516449	0.03697491064667702	0.12053360790014267	0.09090372174978256	0.08102735877037048	0.16128872334957123	0.13007789808402942	0.6601398241360831	0.09700298467186448	0.05166694562774466
merged_e5b	5mC	658733	0.6333448886871338	0.1407831460237503	0.331903338432312	0.5519834160804749	0.6113386154174805	0.36029934883117676	0.27948735276403713	0.6688330531479937	0.728328145459371	0.6203742639278736
merged_e5b	6mA	5833169	0.2784369885921478	0.038120150566101074	0.12061560899019241	0.08820205926895142	0.08233526349067688	0.1602996438741684	0.1311792654659733	0.6536847845294912	0.0995090585432642	0.054134210752337195
