group	task	valid_positions	bce	mse	mae	mean_pred	mean_target	pearson	spearman	auroc	auprc	positive_fraction
merged_c1	5mC	300154	0.6198359727859497	0.13377679884433746	0.3117035925388336	0.6299490332603455	0.621982216835022	0.3760300576686859	0.2882186797224361	0.6713931265965659	0.747301663661294	0.6313758937078966
merged_c1	6mA	2450537	0.28156131505966187	0.03777914121747017	0.11637905985116959	0.08120042830705643	0.08428408205509186	0.17481273412704468	0.14777362188369395	0.6634433852363901	0.10358754020238359	0.05394246240721932
merged_e5b	5mC	340496	0.6255711317062378	0.13698364794254303	0.3197014033794403	0.581592857837677	0.6134383082389832	0.3742777407169342	0.29277116329238084	0.6742289411191499	0.740476033973083	0.6239045392603731
merged_e5b	6mA	2784434	0.2796027958393097	0.03935316577553749	0.1255670189857483	0.09535117447376251	0.08324883878231049	0.17499205470085144	0.15031365880921868	0.6584844951770353	0.10672992572986743	0.056081774608412335
