group	task	valid_positions	bce	mse	mae	mean_pred	mean_target	pearson	spearman	auroc	auprc	positive_fraction
merged_c1	5mC	465704	0.614266574382782	0.13384929299354553	0.31635043025016785	0.5602264404296875	0.6237380504608154	0.41503867506980896	0.34387852881377895	0.7014884004580706	0.771696154315314	0.633544053733702
merged_c1	6mA	3875633	0.27181604504585266	0.03689064458012581	0.10960618406534195	0.07289238274097443	0.08109643310308456	0.21374747157096863	0.18121140321621174	0.6911991200335892	0.1240445725339793	0.05309223035308039
merged_e5b	5mC	522077	0.6262190341949463	0.13242508471012115	0.314139187335968	0.5539551377296448	0.6031246185302734	0.400459885597229	0.3404559920011656	0.693404674894094	0.7511267855566355	0.6123905094459247
merged_e5b	6mA	4338601	0.29565584659576416	0.03797019645571709	0.11333528161048889	0.07424341887235641	0.08971777558326721	0.20275120437145233	0.17169101156354066	0.677200888908244	0.12083101191366807	0.05644377069935677
