group	task	valid_positions	bce	mse	mae	mean_pred	mean_target	pearson	spearman	auroc	auprc	positive_fraction
chr17	5mC	694019	0.6040266752243042	0.1305299699306488	0.3141928017139435	0.5496758222579956	0.6256232261657715	0.4558177590370178	0.36798136877565313	0.7176063145216562	0.7839312409062799	0.635011433404561
chr17	6mA	7227300	0.2581942081451416	0.03386591374874115	0.106477290391922	0.07333636283874512	0.0750725120306015	0.19907066226005554	0.16141533368292718	0.6753796360348447	0.1095414243041393	0.04783335408797199
