group	task	valid_positions	bce	mse	mae	mean_pred	mean_target	pearson	spearman	auroc	auprc	positive_fraction
merged_c1	5mC	67767	0.5994037985801697	0.13055101037025452	0.30640098452568054	0.6120989322662354	0.5871921181678772	0.4749372601509094	0.37777244132701016	0.7265370869003817	0.749285894268923	0.5905529239895524
merged_c1	6mA	525678	0.27302834391593933	0.03869356960058212	0.11886835098266602	0.08468906581401825	0.08071930706501007	0.18345332145690918	0.12663395899262533	0.6680204692718839	0.11331228032829588	0.0540559049456131
merged_e5b	5mC	318237	0.6095486879348755	0.12954649329185486	0.31084808707237244	0.6145955324172974	0.6090921759605408	0.42237722873687744	0.31620991257804015	0.6893811384087916	0.741588911472572	0.616597064451965
merged_e5b	6mA	3048735	0.2761355936527252	0.036664437502622604	0.11460309475660324	0.08003795892000198	0.08150089532136917	0.17063847184181213	0.13187797976536578	0.6585067183701351	0.1035259887105041	0.052355485143838344
