group	task	valid_positions	bce	mse	mae	mean_pred	mean_target	pearson	spearman	auroc	auprc	positive_fraction
chr11	5mC	468374	0.6060662865638733	0.1301109343767166	0.3103284537792206	0.5292113423347473	0.5714612007141113	0.4779796600341797	0.41405569799814773	0.737009438635692	0.7568801886138936	0.5743337589191544
chr11	6mA	4740357	0.2832363545894623	0.03765423223376274	0.11114102602005005	0.07383701205253601	0.08644381910562515	0.23159606754779816	0.21164915491688818	0.6925055055145083	0.13285165931824863	0.05538612387210499
