{
  "npz": "outputs/merged_e5b_c1_chr16_selected_top100_overlap16k_full5000_region_split.val.npz",
  "metadata": "outputs/merged_e5b_c1_chr16_selected_top100_overlap16k_full5000_region_split.val.metadata.tsv",
  "split_name": "val",
  "checkpoint": "outputs/hyenadna_small32k_chr16_overlap16k_full5000_region_split_nosample_lastblock_5epochs_1000batches.pt",
  "model_name": "hyenadna-small-32k-seqlen",
  "device": "cuda",
  "reads": 1258,
  "batch_size": 1,
  "max_length_used": 32768,
  "thresholds": {
    "5mC": 0.5,
    "6mA": 0.5
  },
  "metrics": {
    "5mC": {
      "valid_positions": 731336,
      "bce": 0.6101301312446594,
      "mse": 0.13457490503787994,
      "mae": 0.30753082036972046,
      "mean_pred": 0.5805235505104065,
      "mean_target": 0.5947332382202148,
      "pearson": 0.44439974427223206,
      "spearman": 0.3879204135120676,
      "auroc": 0.7255212617824124,
      "auprc": 0.7694678669761233,
      "positive_fraction": 0.6012133957579006
    },
    "6mA": {
      "valid_positions": 6594628,
      "bce": 0.25833162665367126,
      "mse": 0.03594407066702843,
      "mae": 0.11833828687667847,
      "mean_pred": 0.09451311826705933,
      "mean_target": 0.07497873902320862,
      "pearson": 0.2066093236207962,
      "spearman": 0.22698969403377267,
      "auroc": 0.6699465439826948,
      "auprc": 0.10386691155665638,
      "positive_fraction": 0.04973942427078525
    }
  },
  "per_region_metrics": "outputs/hyenadna_small32k_chr16_overlap16k_full5000_nosample_overnight_val.per_region_metrics.tsv"
}
