{
  "npz": "outputs/merged_e5b_c1_chr16_selected_top100_even50_region_split.test.npz",
  "metadata": "outputs/merged_e5b_c1_chr16_selected_top100_even50_region_split.test.metadata.tsv",
  "split_name": "test",
  "checkpoint": "outputs/hyenadna_small32k_combined_top100_even50_region_split_sampleid_lastblock_3epochs_300batches.pt",
  "model_name": "hyenadna-small-32k-seqlen",
  "device": "cuda",
  "reads": 1651,
  "batch_size": 1,
  "max_length_used": 32768,
  "num_samples": 2,
  "sample_embedding_dim": 16,
  "thresholds": {
    "5mC": 0.5,
    "6mA": 0.5
  },
  "metrics": {
    "5mC": {
      "valid_positions": 596168,
      "bce": 0.6019733548164368,
      "mse": 0.1278546154499054,
      "mae": 0.31678512692451477,
      "mean_pred": 0.5719469785690308,
      "mean_target": 0.6109623312950134,
      "pearson": 0.4536398947238922,
      "spearman": 0.3512411007214829,
      "auroc": 0.7068447157154597,
      "auprc": 0.7581733184216759,
      "positive_fraction": 0.6178694596154104
    },
    "6mA": {
      "valid_positions": 5766183,
      "bce": 0.27038854360580444,
      "mse": 0.03580087050795555,
      "mae": 0.11035113781690598,
      "mean_pred": 0.07432854920625687,
      "mean_target": 0.07989367842674255,
      "pearson": 0.19318287074565887,
      "spearman": 0.14863572678538536,
      "auroc": 0.6717743524905588,
      "auprc": 0.11226554684861074,
      "positive_fraction": 0.051063936056139736
    }
  },
  "per_region_metrics": "outputs/hyenadna_small32k_combined_top100_even50_region_split.test.sampleid.lastblock.per_region_metrics.tsv",
  "per_sample_metrics": "outputs/hyenadna_small32k_combined_top100_even50_region_split.test.sampleid.lastblock.per_sample_metrics.tsv"
}
