group	task	valid_positions	bce	mse	mae	mean_pred	mean_target	pearson	spearman	auroc	auprc	positive_fraction	auprc_enrichment
chr16	6mA	10193258	0.28301557898521423	0.03685365989804268	0.12232201546430588	0.09436855465173721	0.08454174548387527	0.17384789884090424	0.15205927444098458	0.6675188026167731	0.09983576603161941	0.052536195983659	1.9003234658000856
