group	task	valid_positions	bce	mse	mae	mean_pred	mean_target	pearson	spearman	auroc	auprc	positive_fraction
merged_c1	5mC	523212	0.6175979375839233	0.13257135450839996	0.3213936686515808	0.576543927192688	0.6056013107299805	0.40554505586624146	0.3076238260044664	0.6831770281824933	0.7286348503649266	0.6112168681146457
merged_c1	6mA	4954011	0.28012704849243164	0.03584561496973038	0.10967045277357101	0.07117462158203125	0.08275219053030014	0.1654084175825119	0.13019054072502467	0.6642427037270311	0.09816158557095025	0.050709818771092756
merged_e5b	5mC	571557	0.6233249306678772	0.1339399665594101	0.3224923312664032	0.5723426342010498	0.5971474647521973	0.39539268612861633	0.3038912316222778	0.6804405293063523	0.7214251576609765	0.6026835468728403
merged_e5b	6mA	5239247	0.287742018699646	0.03803418576717377	0.11477240920066833	0.07622933387756348	0.08623387664556503	0.16851885616779327	0.13015490627846954	0.665380491362934	0.10385853820170883	0.05426314124911461
