group	task	valid_positions	bce	mse	mae	mean_pred	mean_target	pearson	spearman	auroc	auprc	positive_fraction
merged_c1	5mC	229648	0.601078450679779	0.13002260029315948	0.30943331122398376	0.5284906029701233	0.5639435052871704	0.4895338714122772	0.42512772045796515	0.7436598634625525	0.7545871151792964	0.5644943565805058
merged_c1	6mA	2309097	0.27996209263801575	0.03724261373281479	0.110289067029953	0.07327351719141006	0.08528683334589005	0.23721805214881897	0.21512182367125599	0.6944385657664374	0.13584642178881481	0.05483442228715381
merged_e5b	5mC	238726	0.6108644604682922	0.13019588589668274	0.31118953227996826	0.5299046635627747	0.5786929726600647	0.46626392006874084	0.40249711967791924	0.7307391802987255	0.7595531937794596	0.5837989996900212
merged_e5b	6mA	2431260	0.2863461375236511	0.038045164197683334	0.11195014417171478	0.07437220215797424	0.08754267543554306	0.2261563092470169	0.20807971479161994	0.6905820016051002	0.1300863413156605	0.05591010422579239
