group	task	valid_positions	bce	mse	mae	mean_pred	mean_target	pearson	spearman	auroc	auprc	positive_fraction
merged_c1	5mC	523212	0.6361678838729858	0.14163058996200562	0.33581751585006714	0.4993402361869812	0.6056013107299805	0.41646620631217957	0.32484576003872206	0.6926186567905286	0.7396862024464269	0.6112168681146457
merged_c1	6mA	4954011	0.2784406542778015	0.0355440191924572	0.11387429386377335	0.0805397555232048	0.08275219053030014	0.17863760888576508	0.13753952885750353	0.6701666598879337	0.10576975280737198	0.050709818771092756
merged_e5b	5mC	571557	0.6327345371246338	0.13856267929077148	0.33096274733543396	0.5143877267837524	0.5971474647521973	0.40755656361579895	0.3214452459414281	0.6903826256927001	0.7317276446707676	0.6026835468728403
merged_e5b	6mA	5239247	0.28668341040611267	0.03781348466873169	0.11611071974039078	0.07967213541269302	0.08623387664556503	0.17937393486499786	0.13736994355821086	0.6696775829746786	0.11066449199268248	0.05426314124911461
