group	task	valid_positions	bce	mse	mae	mean_pred	mean_target	pearson	spearman	auroc	auprc	positive_fraction
merged_c1	5mC	367776	0.6021870970726013	0.1309136003255844	0.31110286712646484	0.5516480803489685	0.5991896986961365	0.46683812141418457	0.4012045965800768	0.7343800894770314	0.7789949804070048	0.6048029235186635
merged_c1	6mA	3210092	0.27317631244659424	0.03752650320529938	0.10906662046909332	0.0716702863574028	0.08163744956254959	0.20908741652965546	0.2003262494679605	0.6826011961816749	0.11804947989177841	0.05344768934971334
merged_e5b	5mC	363560	0.6142083406448364	0.13777287304401398	0.3226167857646942	0.5515994429588318	0.5902251601219177	0.4329688549041748	0.37332620580249	0.7177203056711854	0.7626354177133464	0.5975822422708769
merged_e5b	6mA	3384536	0.24089129269123077	0.03350064903497696	0.1023840606212616	0.0702611654996872	0.06866321712732315	0.1959238052368164	0.19355537736637007	0.6779314436022362	0.10174925084166934	0.04622228866822513
