group	task	valid_positions	bce	mse	mae	mean_pred	mean_target	pearson	spearman	auroc	auprc	positive_fraction	auprc_enrichment
chr16	6mA	10193258	0.2772689163684845	0.03580089285969734	0.11138394474983215	0.08015429973602295	0.08454174548387527	0.23659230768680573	0.23991027346140534	0.6893150779392087	0.12014859327914328	0.052536195983659	2.2869678900336563
