group	task	valid_positions	bce	mse	mae	mean_pred	mean_target	pearson	spearman	auroc	auprc	positive_fraction
merged_c1	5mC	138426	0.6312585473060608	0.13646048307418823	0.31653091311454773	0.5893118381500244	0.6058001518249512	0.37227338552474976	0.2713777222400761	0.6591739804938347	0.7100292250912601	0.6105428171008337
merged_c1	6mA	1286383	0.2948482632637024	0.03608616814017296	0.11478707194328308	0.07865305244922638	0.08795779198408127	0.14491428434848785	0.10411202319359192	0.6525291546503452	0.0945340521413098	0.05136184169100493
merged_e5b	5mC	138937	0.6191073060035706	0.13560284674167633	0.31602704524993896	0.5840197205543518	0.6083093285560608	0.4008696377277374	0.3078345930406473	0.685218255124875	0.7368229780245747	0.6147534494051261
merged_e5b	6mA	1277408	0.27482327818870544	0.03837184980511665	0.11931174993515015	0.085429847240448	0.08132356405258179	0.17207451164722443	0.1479946822237924	0.669322927267031	0.10438352029037741	0.05339875748390491
