group	task	valid_positions	bce	mse	mae	mean_pred	mean_target	pearson	spearman	auroc	auprc	positive_fraction
chr16	5mC	386004	0.6072536110877991	0.12949730455875397	0.30685538053512573	0.624603271484375	0.6052473783493042	0.43649986386299133	0.328311389595359	0.6966636476446894	0.7425865806280059	0.6120247458575558
chr16	6mA	3574413	0.27793458104133606	0.037230249494314194	0.10721416026353836	0.06418128311634064	0.08138594031333923	0.16759240627288818	0.12263952475492955	0.6518604951646625	0.10291832483478178	0.05260556068926562
