group	task	valid_positions	bce	mse	mae	mean_pred	mean_target	pearson	spearman	auroc	auprc	positive_fraction
merged_c1	5mC	523212	0.6273358464241028	0.1372482180595398	0.32530274987220764	0.525109589099884	0.6056013107299805	0.41494616866111755	0.3246654718684598	0.6938186399690699	0.7442152270190111	0.6112168681146457
merged_c1	6mA	4954011	0.27958136796951294	0.03584925830364227	0.12146222591400146	0.09503702074289322	0.08275219053030014	0.17395223677158356	0.14054031002052797	0.6675617696618317	0.10182278980872858	0.050709818771092756
merged_e5b	5mC	571557	0.6276294589042664	0.13586273789405823	0.3215656280517578	0.5409236550331116	0.5971474647521973	0.40440115332603455	0.3204925832517386	0.6902768171116517	0.7356499192064572	0.6026835468728403
merged_e5b	6mA	5239247	0.2867778539657593	0.03788204863667488	0.12009783834218979	0.08746816217899323	0.08623387664556503	0.17515888810157776	0.13682578354261343	0.6669531128663697	0.10681900441831431	0.05426314124911461
