{
  "npz": "outputs/merged_e5b_c1_chr19_selected_top100_even50_region_split.test.npz",
  "metadata": "outputs/merged_e5b_c1_chr19_selected_top100_even50_region_split.test.metadata.tsv",
  "split_name": "test",
  "checkpoint": "outputs/hyenadna_small32k_4chrom_combined_top100_even50_region_split_sampleid_short_2epochs_150batches.pt",
  "model_name": "hyenadna-small-32k-seqlen",
  "device": "cuda",
  "reads": 1552,
  "reads_evaluated": 1000,
  "batches_evaluated": 1000,
  "max_batches": 1000,
  "batch_size": 1,
  "max_length_used": 32768,
  "num_samples": 2,
  "sample_embedding_dim": 16,
  "thresholds": {
    "5mC": 0.5,
    "6mA": 0.5
  },
  "metrics": {
    "5mC": {
      "valid_positions": 432464,
      "bce": 0.6355211138725281,
      "mse": 0.14156007766723633,
      "mae": 0.32493460178375244,
      "mean_pred": 0.5897427201271057,
      "mean_target": 0.6077279448509216,
      "pearson": 0.34530729055404663,
      "spearman": 0.2666568918150113,
      "auroc": 0.6611538665941663,
      "auprc": 0.723405729682475,
      "positive_fraction": 0.6167218543046358
    },
    "6mA": {
      "valid_positions": 3325838,
      "bce": 0.2854040563106537,
      "mse": 0.04076020047068596,
      "mae": 0.121811144053936,
      "mean_pred": 0.08526108413934708,
      "mean_target": 0.08502411842346191,
      "pearson": 0.15338511765003204,
      "spearman": 0.13224926781306304,
      "auroc": 0.6517080287515644,
      "auprc": 0.101376036851621,
      "positive_fraction": 0.057590297543055315
    }
  },
  "per_region_metrics": "outputs/hyenadna_small32k_4chrom_checkpoint_on_chr19.test.sampleid.per_region_metrics.tsv",
  "per_sample_metrics": "outputs/hyenadna_small32k_4chrom_checkpoint_on_chr19.test.sampleid.per_sample_metrics.tsv",
  "per_chrom_metrics": "outputs/hyenadna_small32k_4chrom_checkpoint_on_chr19.test.sampleid.per_chrom_metrics.tsv"
}
