{
  "npz": "outputs/merged_e5b_c1_chr16_selected_top100_even50_region_split.test.npz",
  "metadata": "outputs/merged_e5b_c1_chr16_selected_top100_even50_region_split.test.metadata.tsv",
  "split_name": "test",
  "checkpoint": "outputs/hyenadna_small32k_chr16_overlap16k_full5000_region_split_sampleid_lastblock_overnight_5epochs_1000batches.pt",
  "model_name": "hyenadna-small-32k-seqlen",
  "device": "cuda",
  "reads": 1651,
  "reads_evaluated": 1651,
  "batches_evaluated": 1651,
  "max_batches": null,
  "batch_size": 1,
  "max_length_used": 32768,
  "num_samples": 2,
  "sample_embedding_dim": 16,
  "thresholds": {
    "5mC": 0.5,
    "6mA": 0.5
  },
  "metrics": {
    "5mC": {
      "valid_positions": 596168,
      "bce": 0.5957147479057312,
      "mse": 0.12522634863853455,
      "mae": 0.30732569098472595,
      "mean_pred": 0.5604269504547119,
      "mean_target": 0.6109623312950134,
      "pearson": 0.47647640109062195,
      "spearman": 0.3910586983576481,
      "auroc": 0.7261480051172112,
      "auprc": 0.7758592936908966,
      "positive_fraction": 0.6178694596154104
    },
    "6mA": {
      "valid_positions": 5766183,
      "bce": 0.2685888111591339,
      "mse": 0.03540920838713646,
      "mae": 0.10686182975769043,
      "mean_pred": 0.07071685045957565,
      "mean_target": 0.07989367842674255,
      "pearson": 0.22283484041690826,
      "spearman": 0.18107149801927136,
      "auroc": 0.692245117716064,
      "auprc": 0.12548591318871327,
      "positive_fraction": 0.051063936056139736
    }
  },
  "per_region_metrics": "outputs/hyenadna_small32k_chr16_overlap_overnight_on_chr16_nonoverlap_on_chr16_nonoverlap_test.test.sampleid.per_region_metrics.tsv",
  "per_sample_metrics": "outputs/hyenadna_small32k_chr16_overlap_overnight_on_chr16_nonoverlap_on_chr16_nonoverlap_test.test.sampleid.per_sample_metrics.tsv",
  "per_chrom_metrics": "outputs/hyenadna_small32k_chr16_overlap_overnight_on_chr16_nonoverlap_on_chr16_nonoverlap_test.test.sampleid.per_chrom_metrics.tsv"
}
