{
  "npz": "outputs/merged_e5b_c1_chr11_selected_top100_even50_region_split.test.npz",
  "metadata": "outputs/merged_e5b_c1_chr11_selected_top100_even50_region_split.test.metadata.tsv",
  "split_name": "test",
  "checkpoint": "outputs/hyenadna_small32k_chr16_overlap16k_full5000_region_split_sampleid_lastblock_overnight_5epochs_1000batches.pt",
  "model_name": "hyenadna-small-32k-seqlen",
  "device": "cuda",
  "reads": 1443,
  "reads_evaluated": 1443,
  "batches_evaluated": 1443,
  "max_batches": null,
  "batch_size": 1,
  "max_length_used": 32768,
  "num_samples": 2,
  "sample_embedding_dim": 16,
  "thresholds": {
    "5mC": 0.5,
    "6mA": 0.5
  },
  "metrics": {
    "5mC": {
      "valid_positions": 468374,
      "bce": 0.6060662865638733,
      "mse": 0.1301109343767166,
      "mae": 0.3103284537792206,
      "mean_pred": 0.5292113423347473,
      "mean_target": 0.5714612007141113,
      "pearson": 0.4779796600341797,
      "spearman": 0.41405569799814773,
      "auroc": 0.737009438635692,
      "auprc": 0.7568801886138936,
      "positive_fraction": 0.5743337589191544
    },
    "6mA": {
      "valid_positions": 4740357,
      "bce": 0.2832363545894623,
      "mse": 0.03765423223376274,
      "mae": 0.11114102602005005,
      "mean_pred": 0.07383701205253601,
      "mean_target": 0.08644381910562515,
      "pearson": 0.23159606754779816,
      "spearman": 0.21164915491688818,
      "auroc": 0.6925055055145083,
      "auprc": 0.13285165931824863,
      "positive_fraction": 0.05538612387210499
    }
  },
  "per_region_metrics": "outputs/hyenadna_small32k_chr16_overlap_overnight_on_chr11_on_chr11_test.test.sampleid.per_region_metrics.tsv",
  "per_sample_metrics": "outputs/hyenadna_small32k_chr16_overlap_overnight_on_chr11_on_chr11_test.test.sampleid.per_sample_metrics.tsv",
  "per_chrom_metrics": "outputs/hyenadna_small32k_chr16_overlap_overnight_on_chr11_on_chr11_test.test.sampleid.per_chrom_metrics.tsv"
}
