group	task	valid_positions	bce	mse	mae	mean_pred	mean_target	pearson	spearman	auroc	auprc	positive_fraction
chr16	5mC	517663	0.6289799213409424	0.1410558819770813	0.33108416199684143	0.5223090052604675	0.5599104762077332	0.4102383553981781	0.32740185171397573	0.6978625736963017	0.7045711728269966	0.5609981783515531
chr16	6mA	4574901	0.2849118113517761	0.038435667753219604	0.12143085151910782	0.08941806852817535	0.08528127521276474	0.16627605259418488	0.14727381232433143	0.6526107032307749	0.10013097448414551	0.054980424713015646
chr19	5mC	579979	0.6728882193565369	0.15703561902046204	0.3502335846424103	0.5252801775932312	0.6223798394203186	0.26165351271629333	0.2151027210562867	0.6302346888069819	0.7183343800524069	0.6316935613185994
chr19	6mA	4567073	0.28670841455459595	0.03917425870895386	0.12362110614776611	0.0916217640042305	0.08512094616889954	0.1388273686170578	0.12290971720524395	0.6472848220849089	0.0913638185747056	0.054908472012599754
