group	task	valid_positions	bce	mse	mae	mean_pred	mean_target	pearson	spearman	auroc	auprc	positive_fraction
chr16	5mC	182979	0.7109591364860535	0.2011680155992508	0.3913484513759613	0.7088468670845032	0.5859252214431763	0.07935268431901932	0.07606206531542632	0.5443556425048226	0.6280117164044436	0.5971942135436307
chr16	6mA	3630784	0.16755439341068268	0.014424247667193413	0.0818897932767868	0.06835261732339859	0.03667859733104706	0.0005790231516584754	-0.019885133054974236	0.506361782409843	0.017306591156757787	0.01605135419788123
