group	task	valid_positions	bce	mse	mae	mean_pred	mean_target	pearson	spearman	auroc	auprc	positive_fraction	auprc_enrichment
merged_c1	6mA	4954011	0.27306216955184937	0.034660618752241135	0.10966462641954422	0.07944639772176743	0.08275219053030014	0.23683282732963562	0.24210289304890525	0.6903413868144114	0.11782008147982291	0.050709818771092756	2.3234175221897364
merged_e5b	6mA	5239247	0.2812466323375702	0.03687908872961998	0.11300965398550034	0.08082365244626999	0.08623387664556503	0.23619674146175385	0.23782164320367988	0.6882021737967592	0.12224230397312527	0.05426314124911461	2.252768659520238
