group	task	valid_positions	bce	mse	mae	mean_pred	mean_target	pearson	spearman	auroc	auprc	positive_fraction
merged_c1	5mC	277931	0.5886406898498535	0.12379581481218338	0.3054475784301758	0.5644912719726562	0.6131037473678589	0.4910344183444977	0.40324703759124947	0.7342067770462024	0.7837001194589366	0.6193263795690297
merged_c1	6mA	2717448	0.263677179813385	0.034794121980667114	0.10524795204401016	0.06948390603065491	0.07809052616357803	0.22516746819019318	0.18257793079125387	0.6985767970360997	0.1254294695256697	0.04961493283404135
merged_e5b	5mC	318237	0.6018927693367004	0.12647566199302673	0.30896589159965515	0.5568773150444031	0.6090921759605408	0.4635205864906311	0.37920137644292234	0.7189510522239165	0.7687392054747202	0.616597064451965
merged_e5b	6mA	3048735	0.27296674251556396	0.0359574556350708	0.1083003580570221	0.07181580364704132	0.08150089532136917	0.22058935463428497	0.17929931021678364	0.6866254271508164	0.12557035905413194	0.052355485143838344
