group	task	valid_positions	bce	mse	mae	mean_pred	mean_target	pearson	spearman	auroc	auprc	positive_fraction
merged_c1	5mC	523212	0.5988953709602356	0.12444296479225159	0.30501991510391235	0.560063362121582	0.6056013107299805	0.4730370342731476	0.39263384288675074	0.725343640155654	0.772458411480767	0.6112168681146457
merged_c1	6mA	4954011	0.2759897708892822	0.03506511449813843	0.10692739486694336	0.07090762257575989	0.08275219053030014	0.22274166345596313	0.194079277340704	0.6944599399952253	0.1217610892730886	0.050709818771092756
merged_e5b	5mC	571557	0.6085229516029358	0.1272554099559784	0.308651864528656	0.5457330942153931	0.5971474647521973	0.45978620648384094	0.38784973077257184	0.72153891637866	0.7619234556158414	0.6026835468728403
merged_e5b	6mA	5239247	0.28413745760917664	0.03727986663579941	0.1110374853014946	0.07375974953174591	0.08623387664556503	0.223099946975708	0.19060696737933616	0.6931511942556838	0.12675713340418504	0.05426314124911461
