group	task	valid_positions	bce	mse	mae	mean_pred	mean_target	pearson	spearman	auroc	auprc	positive_fraction
chr17	5mC	258631	0.6113821268081665	0.12895558774471283	0.3082219958305359	0.6363469958305359	0.6287434101104736	0.3895888030529022	0.27570743656299546	0.6660561626460174	0.7464805405556567	0.6378972358301982
chr17	6mA	2510689	0.2753726840019226	0.03477456048130989	0.11406853795051575	0.08249899744987488	0.08029875159263611	0.14236193895339966	0.12091319640925036	0.6331554502413194	0.08287897901750362	0.04867588140147983
