{
  "npz": "outputs/merged_e5b_chr16_selected_top50_even50_region_split.test.npz",
  "metadata": "outputs/merged_e5b_chr16_selected_top50_even50_region_split.test.metadata.tsv",
  "split_name": "test",
  "checkpoint": "outputs/hyenadna_small32k_even50_region_split_5epochs_200batches.pt",
  "model_name": "hyenadna-small-32k-seqlen",
  "device": "cuda",
  "reads": 417,
  "batch_size": 1,
  "max_length_used": 32768,
  "thresholds": {
    "5mC": 0.5,
    "6mA": 0.5
  },
  "metrics": {
    "5mC": {
      "valid_positions": 166711,
      "bce": 0.6225616335868835,
      "mse": 0.13386249542236328,
      "mae": 0.3308786451816559,
      "mean_pred": 0.5785269141197205,
      "mean_target": 0.6584266424179077,
      "pearson": 0.3292240798473358,
      "spearman": 0.22981479079522454,
      "auroc": 0.6408908583241013,
      "auprc": 0.754390192322143,
      "positive_fraction": 0.6731349461043362
    },
    "6mA": {
      "valid_positions": 1420524,
      "bce": 0.27052631974220276,
      "mse": 0.036249253898859024,
      "mae": 0.11949273198843002,
      "mean_pred": 0.08992289006710052,
      "mean_target": 0.07781456410884857,
      "pearson": 0.12069468945264816,
      "spearman": 0.11249289794875147,
      "auroc": 0.6340697349778093,
      "auprc": 0.0762080571419409,
      "positive_fraction": 0.05027510974823375
    }
  },
  "per_region_metrics": "outputs/hyenadna_small32k_even50_region_split.test.per_region_metrics.tsv"
}
