group	task	valid_positions	bce	mse	mae	mean_pred	mean_target	pearson	spearman	auroc	auprc	positive_fraction
merged_c1	5mC	367776	0.6078078150749207	0.13353276252746582	0.3124089241027832	0.5997887849807739	0.5991896986961365	0.4347473382949829	0.34372082874945326	0.704897004577621	0.7466706439253457	0.6048029235186635
merged_c1	6mA	3210092	0.2753566801548004	0.03794979676604271	0.11757143586874008	0.0844467431306839	0.08163744956254959	0.1769721359014511	0.15121902267339893	0.6589420297201187	0.1060866676858005	0.05344768934971334
merged_e5b	5mC	363560	0.6239988207817078	0.14244160056114197	0.3229791522026062	0.6178891062736511	0.5902251601219177	0.39520564675331116	0.31220523612703477	0.6849064575487284	0.7300120511554785	0.5975822422708769
merged_e5b	6mA	3384536	0.2442101389169693	0.034004196524620056	0.10997560620307922	0.08049096167087555	0.06866321712732315	0.1653270274400711	0.16254564059433174	0.6523265846269046	0.08890414624001557	0.04622228866822513
