{
  "npz": "outputs/merged_e5b_chr16_selected_top50_even50_region_split.test.npz",
  "metadata": "outputs/merged_e5b_chr16_selected_top50_even50_region_split.test.metadata.tsv",
  "split_name": "test",
  "checkpoint": "outputs/hyenadna_small32k_even50_region_split_last2blocks_3epochs_100batches.pt",
  "model_name": "hyenadna-small-32k-seqlen",
  "device": "cuda",
  "reads": 417,
  "batch_size": 1,
  "max_length_used": 32768,
  "thresholds": {
    "5mC": 0.5,
    "6mA": 0.5
  },
  "metrics": {
    "5mC": {
      "valid_positions": 166711,
      "bce": 0.6060352921485901,
      "mse": 0.12566320598125458,
      "mae": 0.3044206500053406,
      "mean_pred": 0.63337641954422,
      "mean_target": 0.6584266424179077,
      "pearson": 0.3622182011604309,
      "spearman": 0.23566015151720784,
      "auroc": 0.643048231515185,
      "auprc": 0.7548186408801492,
      "positive_fraction": 0.6731349461043362
    },
    "6mA": {
      "valid_positions": 1420524,
      "bce": 0.269611656665802,
      "mse": 0.03605496510863304,
      "mae": 0.11198548227548599,
      "mean_pred": 0.07695112377405167,
      "mean_target": 0.07781456410884857,
      "pearson": 0.13913480937480927,
      "spearman": 0.11519610181618543,
      "auroc": 0.6450246441835583,
      "auprc": 0.08856045550194724,
      "positive_fraction": 0.05027510974823375
    }
  },
  "per_region_metrics": "outputs/hyenadna_small32k_even50_region_split.test.last2blocks.per_region_metrics.tsv"
}
