group	task	valid_positions	bce	mse	mae	mean_pred	mean_target	pearson	spearman	auroc	auprc	positive_fraction
merged_c1	5mC	537957	0.6584339141845703	0.15332621335983276	0.34623852372169495	0.5069054961204529	0.601296067237854	0.33158546686172485	0.27081464129110316	0.6633464512897269	0.7179463569275877	0.6062101617787296
merged_c1	6mA	4425120	0.28494325280189514	0.03847064822912216	0.12326321005821228	0.09274046123027802	0.08469142019748688	0.15077723562717438	0.13226158719777725	0.6512908328501272	0.09402786307546088	0.05402135987272662
merged_e5b	5mC	559685	0.6461698412895203	0.14582107961177826	0.33636191487312317	0.5401933789253235	0.5848661065101624	0.3423849046230316	0.2785960747250205	0.6658861366005626	0.7080877284886786	0.5908001822453701
merged_e5b	6mA	4716854	0.28662189841270447	0.03911798819899559	0.12183251231908798	0.08843487501144409	0.08567941188812256	0.1534309983253479	0.1377746462701446	0.6496114834518737	0.09668601681383335	0.05581050420470932
