group	task	valid_positions	bce	mse	mae	mean_pred	mean_target	pearson	spearman	auroc	auprc	positive_fraction	auprc_enrichment
merged_c1	6mA	4954011	0.2796371877193451	0.03583158552646637	0.122857466340065	0.09774215519428253	0.08275219053030014	0.17345492541790009	0.15328205715555562	0.6686417257432906	0.0975894521839772	0.050709818771092756	1.9244685654370408
merged_e5b	6mA	5239247	0.2862100303173065	0.03782009705901146	0.12181568890810013	0.09117861092090607	0.08623387664556503	0.17766158282756805	0.15390350395042268	0.6701830604451806	0.10367037092274439	0.05426314124911461	1.910511786385679
