group	task	valid_positions	bce	mse	mae	mean_pred	mean_target	pearson	spearman	auroc	auprc	positive_fraction
chr16	5mC	596168	0.6172112226486206	0.13493327796459198	0.3267225921154022	0.5489005446434021	0.6109623312950134	0.41717642545700073	0.3194506079355904	0.6926337258981768	0.7419540041671391	0.6178694596154104
chr16	6mA	5766183	0.2722078561782837	0.03620225191116333	0.11817507445812225	0.08804076164960861	0.07989367842674255	0.1708185374736786	0.13308832046222763	0.6619680444331618	0.10149058711579545	0.051063936056139736
chr19	5mC	640650	0.652235209941864	0.14951901137828827	0.34270337224006653	0.531083881855011	0.6174412369728088	0.3150809407234192	0.24729855761087594	0.6508624708261372	0.7226292608753235	0.6274049793178803
chr19	6mA	5234971	0.2825219929218292	0.039102084934711456	0.12322284281253815	0.09104681015014648	0.0837334468960762	0.1501201093196869	0.1274109583895971	0.6495849546120606	0.09571127555446467	0.055080343329504594
