group	task	valid_positions	bce	mse	mae	mean_pred	mean_target	pearson	spearman	auroc	auprc	positive_fraction
merged_c1	5mC	523212	0.6128939986228943	0.13032962381839752	0.31874990463256836	0.5892775654792786	0.6056013107299805	0.4186188578605652	0.31043475129749165	0.6854608401357999	0.7324608338926033	0.6112168681146457
merged_c1	6mA	4954011	0.2823048233985901	0.03619128838181496	0.12310953438282013	0.09587715566158295	0.08275219053030014	0.14025475084781647	0.0953171443498715	0.6380125230661668	0.09210662941876571	0.050709818771092756
merged_e5b	5mC	571557	0.6196088194847107	0.1320468932390213	0.3174208700656891	0.6058453321456909	0.5971474647521973	0.405550479888916	0.3054393093143952	0.6816786793053906	0.7252954123324924	0.6026835468728403
merged_e5b	6mA	5239247	0.29090601205825806	0.038563866168260574	0.12865225970745087	0.10124868899583817	0.08623387664556503	0.13817504048347473	0.08837043606410205	0.6341861930319442	0.09563179757534779	0.05426314124911461
