group	task	valid_positions	bce	mse	mae	mean_pred	mean_target	pearson	spearman	auroc	auprc	positive_fraction	auprc_enrichment
merged_c1	6mA	4954011	0.28148913383483887	0.036113325506448746	0.10620614141225815	0.06371903419494629	0.08275219053030014	0.16565833985805511	0.1413015820087397	0.6683238302381415	0.09331860070515918	0.050709818771092756	1.8402471743471436
merged_e5b	6mA	5239247	0.2871837913990021	0.03802092745900154	0.11497832834720612	0.07672802358865738	0.08623387664556503	0.16860485076904297	0.1407877178663215	0.6689886390824853	0.09922591233569047	0.05426314124911461	1.8286061228957973
