group	task	valid_positions	bce	mse	mae	mean_pred	mean_target	pearson	spearman	auroc	auprc	positive_fraction
chr19	5mC	987781	0.6205838918685913	0.13309656083583832	0.315181702375412	0.5569117665290833	0.6128431558609009	0.4076492488384247	0.34298869776585733	0.6973998813520516	0.761184750311085	0.6223636615808564
chr19	6mA	8214234	0.28440776467323303	0.03746084123849869	0.11157581955194473	0.0736059620976448	0.08565005660057068	0.20811128616333008	0.17666861045870835	0.6837680014389866	0.12226790167902402	0.054862449742727075
