group	task	valid_positions	bce	mse	mae	mean_pred	mean_target	pearson	spearman	auroc	auprc	positive_fraction
merged_c1	5mC	408765	0.5990102887153625	0.13088557124137878	0.31359514594078064	0.5503625273704529	0.6153658628463745	0.470133513212204	0.38582784410748566	0.7297034256793719	0.7832411493222842	0.6216334568762003
merged_c1	6mA	4411722	0.25103703141212463	0.03212929889559746	0.10342724621295929	0.07130996882915497	0.0722011923789978	0.20078685879707336	0.16081622338573237	0.6776206325672309	0.10694134621606352	0.045009635693273514
merged_e5b	5mC	285254	0.6112150549888611	0.130020409822464	0.31504926085472107	0.5486918091773987	0.6403217911720276	0.43385738134384155	0.3387074195990743	0.7000345428788468	0.7860470847156079	0.6541818870199892
merged_e5b	6mA	2815578	0.2694087028503418	0.036587007343769073	0.11125640571117401	0.07651150971651077	0.07957158237695694	0.19503666460514069	0.15970358894876063	0.6689835219156991	0.11289503384382818	0.05225783125170036
