group	task	valid_positions	bce	mse	mae	mean_pred	mean_target	pearson	spearman	auroc	auprc	positive_fraction
merged_c1	5mC	248741	0.6099268794059753	0.13154195249080658	0.3161243796348572	0.554783821105957	0.5707892179489136	0.45641395449638367	0.37526288105957845	0.718783705929721	0.7326766732466758	0.5713734366268528
merged_c1	6mA	2169965	0.28437888622283936	0.03775236755609512	0.11309336870908737	0.07499651610851288	0.08549173921346664	0.18697994947433472	0.16818828489044427	0.66259741595102	0.10796583313948849	0.05425571380183551
merged_e5b	5mC	268922	0.6190322637557983	0.13667136430740356	0.3224557936191559	0.5386961698532104	0.5498481392860413	0.4409828782081604	0.37325812531201513	0.7188531381977041	0.7190196379340461	0.5514015216308075
merged_e5b	6mA	2404936	0.283128023147583	0.03848422318696976	0.11489468812942505	0.07695334404706955	0.08509137481451035	0.18385641276836395	0.16157700020967913	0.664104345266803	0.10970587090676588	0.05563432873057744
