group	task	valid_positions	bce	mse	mae	mean_pred	mean_target	pearson	spearman	auroc	auprc	positive_fraction
chr16	5mC	596168	0.5957147479057312	0.12522634863853455	0.30732569098472595	0.5604269504547119	0.6109623312950134	0.47647640109062195	0.3910586983576481	0.7261480051172112	0.7758592936908966	0.6178694596154104
chr16	6mA	5766183	0.2685888111591339	0.03540920838713646	0.10686182975769043	0.07071685045957565	0.07989367842674255	0.22283484041690826	0.18107149801927136	0.692245117716064	0.12548591318871327	0.051063936056139736
