group	task	valid_positions	bce	mse	mae	mean_pred	mean_target	pearson	spearman	auroc	auprc	positive_fraction	auprc_enrichment
chr16	6mA	10193258	0.284416139125824	0.03709381818771362	0.11071497201919556	0.07040554285049438	0.08454174548387527	0.16436216235160828	0.1385397584207472	0.665998370821542	0.09541460632013027	0.052536195983659	1.8161689199920048
