group	task	valid_positions	bce	mse	mae	mean_pred	mean_target	pearson	spearman	auroc	auprc	positive_fraction
chr16	5mC	277363	0.6251717805862427	0.1360308676958084	0.3162785470485687	0.5866609215736389	0.6070570349693298	0.3866193890571594	0.2896831185655143	0.672101057044578	0.7230947296957639	0.612652011984295
chr16	6mA	2563791	0.28487083315849304	0.03722500801086426	0.11704148352146149	0.08202958852052689	0.08465228229761124	0.15743371844291687	0.11831949430236327	0.6607222636761172	0.09958624613795786	0.052376734296984424
