{
  "npz": "outputs/merged_e5b_c1_chr16_selected_top100_even50_region_split.val.npz",
  "metadata": "outputs/merged_e5b_c1_chr16_selected_top100_even50_region_split.val.metadata.tsv",
  "split_name": "val",
  "checkpoint": "outputs/hyenadna_small32k_combined_top100_even50_region_split_sampleid_lastblock_3epochs_300batches.pt",
  "model_name": "hyenadna-small-32k-seqlen",
  "device": "cuda",
  "reads": 1409,
  "batch_size": 1,
  "max_length_used": 32768,
  "num_samples": 2,
  "sample_embedding_dim": 16,
  "thresholds": {
    "5mC": 0.5,
    "6mA": 0.5
  },
  "metrics": {
    "5mC": {
      "valid_positions": 517663,
      "bce": 0.6146570444107056,
      "mse": 0.1342066377401352,
      "mae": 0.31941351294517517,
      "mean_pred": 0.5464264154434204,
      "mean_target": 0.5599104762077332,
      "pearson": 0.4488554000854492,
      "spearman": 0.3757939509070357,
      "auroc": 0.7192497342021955,
      "auprc": 0.7259552860924815,
      "positive_fraction": 0.5609981783515531
    },
    "6mA": {
      "valid_positions": 4574901,
      "bce": 0.28372132778167725,
      "mse": 0.03813708946108818,
      "mae": 0.11404029279947281,
      "mean_pred": 0.07602518051862717,
      "mean_target": 0.08528127521276474,
      "pearson": 0.1852095127105713,
      "spearman": 0.16433414500605448,
      "auroc": 0.6634451080459823,
      "auprc": 0.10889783623760213,
      "positive_fraction": 0.054980424713015646
    }
  },
  "per_region_metrics": "outputs/hyenadna_small32k_combined_top100_even50_region_split.val.sampleid.lastblock.per_region_metrics.tsv",
  "per_sample_metrics": "outputs/hyenadna_small32k_combined_top100_even50_region_split.val.sampleid.lastblock.per_sample_metrics.tsv"
}
