group	task	valid_positions	bce	mse	mae	mean_pred	mean_target	pearson	spearman	auroc	auprc	positive_fraction
chr16	5mC	731336	0.6158566474914551	0.1379614919424057	0.3176635801792145	0.6087867617607117	0.5947332382202148	0.4142886996269226	0.32630363675844015	0.694280918990589	0.7377316815772686	0.6012133957579006
chr16	6mA	6594628	0.25937145948410034	0.03592480719089508	0.11367305368185043	0.08241653442382812	0.07497873902320862	0.17264364659786224	0.15920820733617638	0.6566233821087272	0.09780701501611291	0.04973942427078525
