group	task	valid_positions	bce	mse	mae	mean_pred	mean_target	pearson	spearman	auroc	auprc	positive_fraction
chr16	5mC	1094769	0.6274892091751099	0.13652488589286804	0.32335165143013	0.5333657264709473	0.6011877059936523	0.40850740671157837	0.31992996370021043	0.6908138635618333	0.7383407587695628	0.6067617917569825
chr16	6mA	10193258	0.28328028321266174	0.036894094198942184	0.12076093256473541	0.09114669263362885	0.08454174548387527	0.17298881709575653	0.13723711802454355	0.6654716173518687	0.1037338976003842	0.052536195983659
