group	task	valid_positions	bce	mse	mae	mean_pred	mean_target	pearson	spearman	auroc	auprc	positive_fraction
chr16	5mC	1094769	0.6039217710494995	0.12591128051280975	0.3069160580635071	0.5525817275047302	0.6011877059936523	0.4661578834056854	0.39049143255788027	0.7234128007044592	0.7670914922416443	0.6067617917569825
chr16	6mA	10193258	0.28017762303352356	0.03620348125696182	0.10903995484113693	0.07237359881401062	0.08454174548387527	0.22308732569217682	0.19231968032587507	0.6940030876090217	0.12443619082080601	0.052536195983659
