group	task	valid_positions	bce	mse	mae	mean_pred	mean_target	pearson	spearman	auroc	auprc	positive_fraction
merged_c1	5mC	107506	0.6156389117240906	0.1375676542520523	0.3150450885295868	0.5729690194129944	0.5214012861251831	0.4766003489494324	0.4214026664979716	0.7473722549866201	0.7196631915048557	0.5151805480624337
merged_c1	6mA	848255	0.315081387758255	0.047967057675123215	0.13195885717868805	0.08926098048686981	0.10016794502735138	0.20953427255153656	0.17998645066957292	0.6675464512142552	0.14513637527822187	0.07186518205020896
merged_e5b	5mC	238726	0.6201662421226501	0.1342763751745224	0.3156069219112396	0.5973307490348816	0.5786929726600647	0.4246550500392914	0.3330345547861516	0.6954446502547734	0.7223829816075255	0.5837989996900212
merged_e5b	6mA	2431260	0.2895476818084717	0.03870895877480507	0.1180218905210495	0.08204809576272964	0.08754267543554306	0.17871220409870148	0.15229128862146596	0.6641744496572156	0.11019473256637251	0.05591010422579239
