group	task	valid_positions	bce	mse	mae	mean_pred	mean_target	pearson	spearman	auroc	auprc	positive_fraction
chr16	5mC	1094769	0.6343753933906555	0.14002889394760132	0.3332829177379608	0.5071961879730225	0.6011877059936523	0.4107838273048401	0.32156526793253754	0.6908301927458904	0.7348809481008268	0.6067617917569825
chr16	6mA	10193258	0.2826773524284363	0.036710504442453384	0.11502379924058914	0.08009380847215652	0.08454174548387527	0.17887428402900696	0.1372493117386804	0.6696426591440221	0.10821394841559034	0.052536195983659
