group	task	valid_positions	bce	mse	mae	mean_pred	mean_target	pearson	spearman	auroc	auprc	positive_fraction
merged_c1	5mC	277931	0.5960980653762817	0.1268666386604309	0.31539133191108704	0.5770648717880249	0.6131037473678589	0.4667482376098633	0.3607989879008759	0.7140565979299396	0.7643324897201229	0.6193263795690297
merged_c1	6mA	2717448	0.26583290100097656	0.035217247903347015	0.10857302695512772	0.07266400754451752	0.07809052616357803	0.19476920366287231	0.14799685512720837	0.6766814168462216	0.11181334077987468	0.04961493283404135
merged_e5b	5mC	318237	0.6071043610572815	0.12871745228767395	0.3180023729801178	0.5674774050712585	0.6090921759605408	0.4420284926891327	0.3411526426765928	0.7003005062437432	0.7523832157552585	0.616597064451965
merged_e5b	6mA	3048735	0.27444911003112793	0.03632107377052307	0.1119360402226448	0.0758122056722641	0.08150089532136917	0.19149981439113617	0.1482835271608261	0.6672661770517958	0.11270795572914905	0.052355485143838344
