{
  "npz": "outputs/merged_e5b_c1_chr16_selected_top100_overlap16k_full5000_region_split.test.npz",
  "metadata": "outputs/merged_e5b_c1_chr16_selected_top100_overlap16k_full5000_region_split.test.metadata.tsv",
  "split_name": "test",
  "checkpoint": "outputs/hyenadna_small32k_4chrom_overlap16k_full5000_region_split_nosample_short_2epochs_1000batches.pt",
  "model_name": "hyenadna-small-32k-seqlen",
  "device": "cuda",
  "reads": 1877,
  "batch_size": 1,
  "max_length_used": 32768,
  "aggregation_unit": "sample/read_id/read_position",
  "thresholds": {
    "5mC": 0.5,
    "6mA": 0.5
  },
  "aggregation": {
    "5mC": {
      "raw_window_valid_positions": 1094769,
      "aggregated_read_positions": 624546,
      "duplicate_overlap_observations_removed": 470223
    },
    "6mA": {
      "raw_window_valid_positions": 10193258,
      "aggregated_read_positions": 5869663,
      "duplicate_overlap_observations_removed": 4323595
    }
  },
  "metrics": {
    "5mC": {
      "valid_positions": 624546,
      "bce": 0.6053526997566223,
      "mse": 0.12701202929019928,
      "mae": 0.29777389764785767,
      "mean_pred": 0.6358880996704102,
      "mean_target": 0.6052029728889465,
      "pearson": 0.44929835200309753,
      "spearman": 0.36278609229923775,
      "auroc": 0.7093116970352403,
      "auprc": 0.7559279837393815,
      "positive_fraction": 0.6116523042337955
    },
    "6mA": {
      "valid_positions": 5869663,
      "bce": 0.27703163027763367,
      "mse": 0.03597824648022652,
      "mae": 0.11517277359962463,
      "mean_pred": 0.08375675976276398,
      "mean_target": 0.08322399854660034,
      "pearson": 0.20628832280635834,
      "spearman": 0.16494180117429197,
      "auroc": 0.6863089191311268,
      "auprc": 0.11736658212138011,
      "positive_fraction": 0.05186072863126895
    }
  },
  "per_region_metrics": "outputs/hyenadna_small32k_4chrom_overlap16k_full5000_nosample_short_on_chr16_overlapagg_test.per_region_metrics.tsv"
}
