group	task	valid_positions	bce	mse	mae	mean_pred	mean_target	pearson	spearman	auroc	auprc	positive_fraction
merged_c1	5mC	113494	0.6124585866928101	0.12992270290851593	0.3066881000995636	0.6478734016418457	0.6226813197135925	0.4011071026325226	0.30168069114964446	0.6774717918043294	0.7470880723737574	0.6296103758789011
merged_c1	6mA	934151	0.27704688906669617	0.03757995367050171	0.11659452319145203	0.08351291716098785	0.08239102363586426	0.17563965916633606	0.17225296740887494	0.6598951748083943	0.09891344716002692	0.05313916058538716
merged_e5b	5mC	268922	0.6320198178291321	0.14258122444152832	0.3240467309951782	0.5868867039680481	0.5498481392860413	0.41155463457107544	0.3267883226231036	0.6975709958594702	0.7018371734846807	0.5514015216308075
merged_e5b	6mA	2404936	0.2849254608154297	0.03886443376541138	0.11723893135786057	0.0804278552532196	0.08509137481451035	0.16376164555549622	0.14296158984122934	0.6542838958962867	0.1016191865424131	0.05563432873057744
