group	task	valid_positions	bce	mse	mae	mean_pred	mean_target	pearson	spearman	auroc	auprc	positive_fraction
merged_c1	5mC	91968	0.6328819990158081	0.14126810431480408	0.32320690155029297	0.5745095014572144	0.5865864753723145	0.3797702193260193	0.3070748518126305	0.6823013495852559	0.7190433665792323	0.5901291753653445
merged_c1	6mA	541404	0.305420458316803	0.04571940377354622	0.1321236938238144	0.09479255974292755	0.09415432810783386	0.16609664261341095	0.1502860052343781	0.6612969802454287	0.11705806806129286	0.06534861212698835
merged_e5b	5mC	340496	0.636233925819397	0.14163893461227417	0.32540127635002136	0.5938572287559509	0.6134383082389832	0.3341774344444275	0.25506285355775005	0.6547515849814788	0.7243261089078142	0.6239045392603731
merged_e5b	6mA	2784434	0.281512051820755	0.03979593515396118	0.1198059692978859	0.08340778946876526	0.08324883878231049	0.1490519493818283	0.12738113697987988	0.6485734730154614	0.09755072544162627	0.056081774608412335
