group	task	valid_positions	bce	mse	mae	mean_pred	mean_target	pearson	spearman	auroc	auprc	positive_fraction
merged_c1	5mC	523212	0.621651291847229	0.13467715680599213	0.32416990399360657	0.5428569912910461	0.6056013107299805	0.413460910320282	0.3170628743846333	0.6891665184091311	0.7388439588865517	0.6112168681146457
merged_c1	6mA	4954011	0.28140249848365784	0.03597326576709747	0.10810904204845428	0.06738270819187164	0.08275219053030014	0.16264952719211578	0.12296307264174877	0.6615788481682405	0.09908434823595391	0.050709818771092756
merged_e5b	5mC	571557	0.6232438087463379	0.13397562503814697	0.32054403424263	0.5593522191047668	0.5971474647521973	0.40293940901756287	0.3120041187352392	0.6856041157254904	0.7306741291785293	0.6026835468728403
merged_e5b	6mA	5239247	0.29151827096939087	0.03847629576921463	0.10954954475164413	0.06421566754579544	0.08623387664556503	0.16279660165309906	0.11869706677249858	0.6606419507542437	0.10396657103836335	0.05426314124911461
