{
  "npz": "outputs/merged_e5b_chr16_selected_top50_even50_region_split.val.npz",
  "metadata": "outputs/merged_e5b_chr16_selected_top50_even50_region_split.val.metadata.tsv",
  "split_name": "val",
  "checkpoint": "outputs/hyenadna_small32k_even50_region_split_last2blocks_3epochs_100batches.pt",
  "model_name": "hyenadna-small-32k-seqlen",
  "device": "cuda",
  "reads": 376,
  "batch_size": 1,
  "max_length_used": 32768,
  "thresholds": {
    "5mC": 0.5,
    "6mA": 0.5
  },
  "metrics": {
    "5mC": {
      "valid_positions": 138773,
      "bce": 0.5921239852905273,
      "mse": 0.12845949828624725,
      "mae": 0.3020820915699005,
      "mean_pred": 0.5871871113777161,
      "mean_target": 0.5385527014732361,
      "pearson": 0.527509868144989,
      "spearman": 0.42946751137044964,
      "auroc": 0.7599206594247263,
      "auprc": 0.7296581698131918,
      "positive_fraction": 0.5369776541546266
    },
    "6mA": {
      "valid_positions": 1322451,
      "bce": 0.27423161268234253,
      "mse": 0.04005967080593109,
      "mae": 0.11281338334083557,
      "mean_pred": 0.07169497013092041,
      "mean_target": 0.0818452388048172,
      "pearson": 0.20206132531166077,
      "spearman": 0.1577466627544996,
      "auroc": 0.6806822447434031,
      "auprc": 0.12827291772781596,
      "positive_fraction": 0.05735713459326659
    }
  },
  "per_region_metrics": "outputs/hyenadna_small32k_even50_region_split.val.last2blocks.per_region_metrics.tsv"
}
