{
  "npz": "outputs/merged_e5b_c1_chr19_selected_top100_overlap16k_full5000_region_split.test.npz",
  "metadata": "outputs/merged_e5b_c1_chr19_selected_top100_overlap16k_full5000_region_split.test.metadata.tsv",
  "split_name": "test",
  "checkpoint": "outputs/hyenadna_small32k_chr16_overlap16k_full5000_region_split_sampleid_lastblock_overnight_5epochs_1000batches.pt",
  "model_name": "hyenadna-small-32k-seqlen",
  "device": "cuda",
  "reads": 1550,
  "reads_evaluated": 1550,
  "batches_evaluated": 1550,
  "max_batches": null,
  "batch_size": 1,
  "max_length_used": 32768,
  "num_samples": 2,
  "sample_embedding_dim": 16,
  "thresholds": {
    "5mC": 0.5,
    "6mA": 0.5
  },
  "metrics": {
    "5mC": {
      "valid_positions": 987781,
      "bce": 0.6205838918685913,
      "mse": 0.13309656083583832,
      "mae": 0.315181702375412,
      "mean_pred": 0.5569117665290833,
      "mean_target": 0.6128431558609009,
      "pearson": 0.4076492488384247,
      "spearman": 0.34298869776585733,
      "auroc": 0.6973998813520516,
      "auprc": 0.761184750311085,
      "positive_fraction": 0.6223636615808564
    },
    "6mA": {
      "valid_positions": 8214234,
      "bce": 0.28440776467323303,
      "mse": 0.03746084123849869,
      "mae": 0.11157581955194473,
      "mean_pred": 0.0736059620976448,
      "mean_target": 0.08565005660057068,
      "pearson": 0.20811128616333008,
      "spearman": 0.17666861045870835,
      "auroc": 0.6837680014389866,
      "auprc": 0.12226790167902402,
      "positive_fraction": 0.054862449742727075
    }
  },
  "per_region_metrics": "outputs/hyenadna_small32k_chr16_overlap_overnight_on_chr19_overlap_on_chr19_overlap_test.test.sampleid.per_region_metrics.tsv",
  "per_sample_metrics": "outputs/hyenadna_small32k_chr16_overlap_overnight_on_chr19_overlap_on_chr19_overlap_test.test.sampleid.per_sample_metrics.tsv",
  "per_chrom_metrics": "outputs/hyenadna_small32k_chr16_overlap_overnight_on_chr19_overlap_on_chr19_overlap_test.test.sampleid.per_chrom_metrics.tsv"
}
