group	task	valid_positions	bce	mse	mae	mean_pred	mean_target	pearson	spearman	auroc	auprc	positive_fraction
chr16	5mC	1094769	0.6097217798233032	0.12833364307880402	0.30696213245391846	0.6137587428092957	0.6011877059936523	0.4338684380054474	0.33830748121745596	0.6972177753874379	0.7420837951407858	0.6067617917569825
chr16	6mA	10193258	0.28196775913238525	0.03662290796637535	0.11590055376291275	0.08304256200790405	0.08454174548387527	0.18782714009284973	0.14918798990677587	0.6696785511168208	0.11068404810774603	0.052536195983659
