{
  "npz": "outputs/merged_c1_chr16_selected_top100_even50_region_split.test.npz",
  "metadata": "outputs/merged_c1_chr16_selected_top100_even50_region_split.test.metadata.tsv",
  "split_name": "test",
  "checkpoint": "outputs/hyenadna_small32k_c1_top100_even50_region_split_lastblock_3epochs_200batches.pt",
  "model_name": "hyenadna-small-32k-seqlen",
  "device": "cuda",
  "reads": 806,
  "batch_size": 1,
  "max_length_used": 32768,
  "thresholds": {
    "5mC": 0.5,
    "6mA": 0.5
  },
  "metrics": {
    "5mC": {
      "valid_positions": 277931,
      "bce": 0.5949659943580627,
      "mse": 0.12630821764469147,
      "mae": 0.309646874666214,
      "mean_pred": 0.5905918478965759,
      "mean_target": 0.6131037473678589,
      "pearson": 0.4623076915740967,
      "spearman": 0.34818540926580543,
      "auroc": 0.7083459470345883,
      "auprc": 0.755586437776812,
      "positive_fraction": 0.6193263795690297
    },
    "6mA": {
      "valid_positions": 2717448,
      "bce": 0.2663630545139313,
      "mse": 0.03530097380280495,
      "mae": 0.11101164668798447,
      "mean_pred": 0.07682633399963379,
      "mean_target": 0.07809052616357803,
      "pearson": 0.18520724773406982,
      "spearman": 0.13127698709155092,
      "auroc": 0.6740069301172793,
      "auprc": 0.1095051797964751,
      "positive_fraction": 0.04961493283404135
    }
  },
  "per_region_metrics": "outputs/hyenadna_small32k_c1_top100_even50_region_split.test.lastblock.per_region_metrics.tsv"
}
