group	task	valid_positions	bce	mse	mae	mean_pred	mean_target	pearson	spearman	auroc	auprc	positive_fraction
chr16	5mC	382416	0.6262143850326538	0.13882440328598022	0.31889498233795166	0.6049864292144775	0.5714636445045471	0.4148399829864502	0.32998423681371336	0.6959868371715174	0.7188830395078352	0.5746124639136437
chr16	6mA	3339087	0.2827213406562805	0.038505084812641144	0.1170586422085762	0.08129094541072845	0.08433593064546585	0.16682805120944977	0.15078474534791733	0.6553190860317998	0.10073223635790554	0.054936274496591435
