group	task	valid_positions	bce	mse	mae	mean_pred	mean_target	pearson	spearman	auroc	auprc	positive_fraction
chr16	5mC	1094769	0.6205878853797913	0.13328586518764496	0.3219672441482544	0.5743504166603088	0.6011877059936523	0.4003135859966278	0.3059290786115189	0.6818260615158264	0.7249333255573045	0.6067617917569825
chr16	6mA	10193258	0.2840411067008972	0.03697052225470543	0.1122928261756897	0.07377269864082336	0.08454174548387527	0.16725654900074005	0.13024949672397718	0.6651362290445112	0.1012441607448936	0.052536195983659
