group	task	valid_positions	bce	mse	mae	mean_pred	mean_target	pearson	spearman	auroc	auprc	positive_fraction
merged_c1	5mC	64838	0.7058355808258057	0.20094947516918182	0.3843253254890442	0.7289681434631348	0.6030081510543823	0.09199433028697968	0.08821183547551871	0.5521803122718955	0.6550745443508575	0.6163360992010858
merged_c1	6mA	1260192	0.1604224592447281	0.013967971317470074	0.08064786344766617	0.06806275993585587	0.03414435684680939	0.004146246239542961	-0.007771583414887241	0.5210261849678546	0.016658154814891656	0.015260373022523551
merged_e5b	5mC	118141	0.7137711048126221	0.20128796994686127	0.3952028751373291	0.6978037357330322	0.5765498280525208	0.06794371455907822	0.06235084129074492	0.538094462093315	0.6084511294576778	0.5866887871272463
merged_e5b	6mA	2370592	0.17134568095207214	0.014666800387203693	0.08255000412464142	0.06850670278072357	0.03802578151226044	-0.0013509723357856274	-0.026072635938453742	0.49920737079183863	0.01765117676601074	0.0164718348834384
