group	task	valid_positions	bce	mse	mae	mean_pred	mean_target	pearson	spearman	auroc	auprc	positive_fraction
chr16	5mC	1094769	0.6224827170372009	0.13431090116500854	0.32227692008018494	0.5514688491821289	0.6011877059936523	0.40688055753707886	0.3126522363887075	0.6866046386430409	0.7334719144474895	0.6067617917569825
chr16	6mA	10193258	0.2866019010543823	0.037259798496961594	0.10884945094585419	0.06575488299131393	0.08454174548387527	0.16205216944217682	0.1198238223556051	0.6599286998665667	0.10130804243902777	0.052536195983659
