group	task	valid_positions	bce	mse	mae	mean_pred	mean_target	pearson	spearman	auroc	auprc	positive_fraction
merged_c1	5mC	300154	0.6186801195144653	0.13402211666107178	0.3171657919883728	0.5566999316215515	0.621982216835022	0.407211035490036	0.33885139990341917	0.6964072486377817	0.7692609403305757	0.6313758937078966
merged_c1	6mA	2450537	0.2804795801639557	0.03749426081776619	0.11168702691793442	0.07458589226007462	0.08428408205509186	0.20723284780979156	0.17424548625241465	0.6850107599725459	0.12175022280408884	0.05394246240721932
merged_e5b	5mC	340496	0.6260820031166077	0.1373642534017563	0.3207496702671051	0.5404477715492249	0.6134383082389832	0.40371647477149963	0.33620339616216044	0.69549384089902	0.7597592796598727	0.6239045392603731
merged_e5b	6mA	2784434	0.2772465646266937	0.03881611302495003	0.1138060986995697	0.07671285420656204	0.08324883878231049	0.20847000181674957	0.17665750208622352	0.6806942614032407	0.12502402367569673	0.056081774608412335
