group	task	valid_positions	bce	mse	mae	mean_pred	mean_target	pearson	spearman	auroc	auprc	positive_fraction
chr19	5mC	432464	0.6347000598907471	0.141071617603302	0.3218582272529602	0.600892186164856	0.6077279448509216	0.3487492501735687	0.2663633438673723	0.6615895710902177	0.7233870252632311	0.6167218543046358
chr19	6mA	3325838	0.2871115803718567	0.040738340467214584	0.11234334856271744	0.0666118860244751	0.08502411842346191	0.15301702916622162	0.12672183003388346	0.6454704833330902	0.10136519862900373	0.057590297543055315
