{
  "npz": "outputs/merged_e5b_c1_chr16_chr19_chr11_chr17_selected_top100_even50_region_split.test.npz",
  "metadata": "outputs/merged_e5b_c1_chr16_chr19_chr11_chr17_selected_top100_even50_region_split.test.metadata.tsv",
  "split_name": "test",
  "checkpoint": "outputs/hyenadna_small32k_4chrom_combined_top100_even50_region_split_sampleid_short_2epochs_150batches.pt",
  "model_name": "hyenadna-small-32k-seqlen",
  "device": "cuda",
  "reads": 6211,
  "reads_evaluated": 1000,
  "batches_evaluated": 1000,
  "max_batches": 1000,
  "batch_size": 1,
  "max_length_used": 32768,
  "num_samples": 2,
  "sample_embedding_dim": 16,
  "thresholds": {
    "5mC": 0.5,
    "6mA": 0.5
  },
  "metrics": {
    "5mC": {
      "valid_positions": 386004,
      "bce": 0.607767641544342,
      "mse": 0.12972284853458405,
      "mae": 0.310067355632782,
      "mean_pred": 0.6141572594642639,
      "mean_target": 0.6052473783493042,
      "pearson": 0.4325691759586334,
      "spearman": 0.32846788175918074,
      "auroc": 0.6963182483359682,
      "auprc": 0.7429078375235818,
      "positive_fraction": 0.6120247458575558
    },
    "6mA": {
      "valid_positions": 3574413,
      "bce": 0.2756786346435547,
      "mse": 0.036962855607271194,
      "mae": 0.11523037403821945,
      "mean_pred": 0.08072198927402496,
      "mean_target": 0.08138594031333923,
      "pearson": 0.17248131334781647,
      "spearman": 0.13052115921014765,
      "auroc": 0.6599146913005891,
      "auprc": 0.10501390793161283,
      "positive_fraction": 0.05260556068926562
    }
  },
  "per_region_metrics": "outputs/hyenadna_small32k_4chrom_combined_top100_even50_region_split.test.sampleid.short.partial1000.per_region_metrics.tsv",
  "per_sample_metrics": "outputs/hyenadna_small32k_4chrom_combined_top100_even50_region_split.test.sampleid.short.partial1000.per_sample_metrics.tsv",
  "per_chrom_metrics": "outputs/hyenadna_small32k_4chrom_combined_top100_even50_region_split.test.sampleid.short.partial1000.per_chrom_metrics.tsv"
}
