group	task	valid_positions	bce	mse	mae	mean_pred	mean_target	pearson	spearman	auroc	auprc	positive_fraction
merged_c1	5mC	360353	0.6163582801818848	0.1355409175157547	0.3170330226421356	0.5321857333183289	0.5824671983718872	0.4476321041584015	0.3888256766250749	0.7269973809876465	0.7592253243088687	0.5868107106087642
merged_c1	6mA	3629795	0.27008262276649475	0.03555002436041832	0.10769855976104736	0.07295709103345871	0.08083152770996094	0.22301849722862244	0.20853135836773853	0.6882164645295785	0.12261493386500534	0.05159575127520976
merged_e5b	5mC	376660	0.6168227195739746	0.13293282687664032	0.31554970145225525	0.5243585705757141	0.5841237306594849	0.45503219962120056	0.3901158004736515	0.7255887965762928	0.760175855006982	0.5886635161684277
merged_e5b	6mA	3757546	0.26823967695236206	0.036355987191200256	0.10933490097522736	0.07439315319061279	0.08021308481693268	0.21919919550418854	0.19651851412434834	0.6966794733960985	0.1230985484867563	0.05245737510598673
