group	task	valid_positions	bce	mse	mae	mean_pred	mean_target	pearson	spearman	auroc	auprc	positive_fraction
chr11	5mC	737013	0.6165956258773804	0.13420802354812622	0.3162749707698822	0.5281855463981628	0.5833138227462769	0.45123720169067383	0.3893966692034841	0.7261301273585691	0.7595830761115143	0.5877576107884122
chr11	6mA	7387341	0.2691452205181122	0.03595997393131256	0.10853087157011032	0.07368753850460052	0.08051696419715881	0.2210140824317932	0.2021895212355399	0.6926028235088643	0.1228330778298268	0.05203401332089584
