group	task	valid_positions	bce	mse	mae	mean_pred	mean_target	pearson	spearman	auroc	auprc	positive_fraction
merged_c1	5mC	91968	0.6356764435768127	0.14259441196918488	0.32429954409599304	0.5588800311088562	0.5865864753723145	0.37798011302948	0.30609790885549076	0.6816988512925597	0.7188618604156914	0.5901291753653445
merged_c1	6mA	541404	0.3063848316669464	0.045472461730241776	0.12326296418905258	0.07682451605796814	0.09415432810783386	0.1656702756881714	0.14451231012760038	0.6542944976816434	0.11744516634690413	0.06534861212698835
merged_e5b	5mC	340496	0.6344363689422607	0.1406603306531906	0.32119882106781006	0.61223965883255	0.6134383082389832	0.33918535709381104	0.2552944305489062	0.6549717112713045	0.7244102242572737	0.6239045392603731
merged_e5b	6mA	2784434	0.28336408734321594	0.03981783613562584	0.11022014170885086	0.06462614983320236	0.08324883878231049	0.14871133863925934	0.12150708372064187	0.642612241722473	0.0973947489255205	0.056081774608412335
