group	task	valid_positions	bce	mse	mae	mean_pred	mean_target	pearson	spearman	auroc	auprc	positive_fraction
merged_c1	5mC	268825	0.5999904870986938	0.13008356094360352	0.3109915852546692	0.5409292578697205	0.5927622318267822	0.48201197385787964	0.4079128928833237	0.7385174669338658	0.7722215166612544	0.5965553798939831
merged_c1	6mA	2747971	0.2672460973262787	0.03376169875264168	0.10715632140636444	0.07402721792459488	0.07855482399463654	0.1995999813079834	0.16810952040606852	0.6724940601446794	0.10857296517908088	0.04777161039909082
merged_e5b	5mC	183583	0.6145617961883545	0.12887045741081238	0.31478092074394226	0.5677654147148132	0.6315648555755615	0.4054512679576874	0.3257627095329098	0.6861669239807104	0.7704976920776733	0.6420583605235779
merged_e5b	6mA	1827457	0.2759864628314972	0.03470402583479881	0.1091437116265297	0.07509465515613556	0.0819733515381813	0.1933441162109375	0.17474491842680726	0.6599915465358915	0.10278649420630633	0.050012667876727056
