group	task	valid_positions	bce	mse	mae	mean_pred	mean_target	pearson	spearman	auroc	auprc	positive_fraction
chr11	5mC	346232	0.6187605261802673	0.13529834151268005	0.31543248891830444	0.5897663831710815	0.5609037280082703	0.44430187344551086	0.36546109210544425	0.7134577146330434	0.7213593414071929	0.562492779408027
chr11	6mA	3279515	0.2961520254611969	0.04110359027981758	0.12162672728300095	0.08391372114419937	0.09080822765827179	0.18967518210411072	0.15942859018666347	0.6667790128083245	0.12092058332089914	0.060036926191830195
