group	task	valid_positions	bce	mse	mae	mean_pred	mean_target	pearson	spearman	auroc	auprc	positive_fraction
merged_c1	5mC	75048	0.6031960248947144	0.12977078557014465	0.30556976795196533	0.6472511291503906	0.621841549873352	0.42793309688568115	0.3008638775965219	0.6848513682170418	0.7499881763840405	0.6277182603133994
merged_c1	6mA	683232	0.26512643694877625	0.03325294330716133	0.11246299743652344	0.08276855945587158	0.07581964135169983	0.13642248511314392	0.10743680907721748	0.6420463292312666	0.07808897797481874	0.04510034658798183
merged_e5b	5mC	183583	0.6147286891937256	0.128622367978096	0.30930617451667786	0.6318893432617188	0.6315648555755615	0.3735486567020416	0.26303347291780665	0.6586384968027337	0.74560946270894	0.6420583605235779
merged_e5b	6mA	1827457	0.27920350432395935	0.03534345328807831	0.11466880887746811	0.08239822089672089	0.0819733515381813	0.14495910704135895	0.1256648546478776	0.6300619567640161	0.08497973176829146	0.050012667876727056
