group	task	valid_positions	bce	mse	mae	mean_pred	mean_target	pearson	spearman	auroc	auprc	positive_fraction
chr16	5mC	1094769	0.6163995862007141	0.13122616708278656	0.31805601716041565	0.5979272723197937	0.6011877059936523	0.410617470741272	0.3054538164330066	0.6824758700434529	0.7277975248764711	0.6067617917569825
chr16	6mA	10193258	0.2867257595062256	0.03741077333688736	0.12595845758914948	0.09863806515932083	0.08454174548387527	0.13938070833683014	0.09167167014244575	0.6362003312338662	0.09400157582210165	0.052536195983659
