{
  "npz": "outputs/merged_e5b_chr16_selected_top50_even50_region_split.val.npz",
  "metadata": "outputs/merged_e5b_chr16_selected_top50_even50_region_split.val.metadata.tsv",
  "split_name": "val",
  "checkpoint": "outputs/hyenadna_small32k_even50_region_split_5epochs_200batches.pt",
  "model_name": "hyenadna-small-32k-seqlen",
  "device": "cuda",
  "reads": 376,
  "batch_size": 1,
  "max_length_used": 32768,
  "thresholds": {
    "5mC": 0.5,
    "6mA": 0.5
  },
  "metrics": {
    "5mC": {
      "valid_positions": 138773,
      "bce": 0.6015347838401794,
      "mse": 0.13214071094989777,
      "mae": 0.3280644714832306,
      "mean_pred": 0.5487278699874878,
      "mean_target": 0.5385527014732361,
      "pearson": 0.5134122967720032,
      "spearman": 0.43013769655335077,
      "auroc": 0.76004526475045,
      "auprc": 0.72953805364285,
      "positive_fraction": 0.5369776541546266
    },
    "6mA": {
      "valid_positions": 1322451,
      "bce": 0.276252806186676,
      "mse": 0.04061385989189148,
      "mae": 0.12223909795284271,
      "mean_pred": 0.08633604645729065,
      "mean_target": 0.0818452388048172,
      "pearson": 0.1594247967004776,
      "spearman": 0.14375790163510863,
      "auroc": 0.6607347440033654,
      "auprc": 0.10287153909130403,
      "positive_fraction": 0.05735713459326659
    }
  },
  "per_region_metrics": "outputs/hyenadna_small32k_even50_region_split.val.per_region_metrics.tsv"
}
