{
  "bam": "/staging/leuven/stg_00118/ONT_BAM_Noemie/bam_files/merged_c1.sorted.bam",
  "extract_full": "/staging/leuven/stg_00118/BAM_Noemie/modkit_preproc/merged_c1/by_chrom/extract_full_chr16.tsv.gz",
  "region": "chr16:36300000-46400000",
  "min_mapq": 20,
  "max_reads": 5000,
  "eligible_reads": 5000,
  "reads_with_modkit_rows": 5000,
  "read_length": {
    "mean": 19540.0866,
    "median": 16554.0,
    "max": 750829,
    "gt_32768": 653
  },
  "signal": {
    "5mC_CpG": {
      "n": 3937362,
      "mean": 0.27528084484957943,
      "median": 0.021484375,
      "q95": 0.9902344
    },
    "5mC_nonCpG": {
      "n": 0,
      "mean": null,
      "median": null,
      "q95": null
    },
    "6mA": {
      "n": 30671743,
      "mean": 0.03134679395382225,
      "median": 0.0,
      "q95": 0.19335938
    }
  },
  "counters": {
    "bam_records_seen": 61229,
    "skip_secondary_supplementary": 46829,
    "eligible_reads": 5000,
    "skip_low_mapq": 9400,
    "extract_rows_for_region_reads": 38546467,
    "rows_6mA": 30671743,
    "rows_other_C_h": 3937362,
    "rows_5mC_CpG": 3937362
  }
}
