mark	variance_class	loci	target_variance_mean	target_variance_median	target_mean_mean	target_mean_median	fraction_locus_mismatch_mean	fraction_locus_mismatch_median	fraction_locus_deleted_mean	fraction_locus_deleted_median	fraction_insertion_near_locus_mean	fraction_insertion_near_locus_median	mean_local_mismatch_rate_mean	mean_local_mismatch_rate_median	mean_local_indel_bases_per_ref_base_mean	mean_local_indel_bases_per_ref_base_median	mean_mapq_mean	mean_mapq_median	mean_nm_mean	mean_nm_median	mean_softclip_fraction_mean	mean_softclip_fraction_median
5mC	high	3	0.26754340997047293	0.2667134602864583	0.4838778409090909	0.498046875	0.8002020202020202	0.8333333333333334	0.014492753623188406	0.0	0.20570048309178743	0.16666666666666666	0.6496238657473449	0.6892989930658416	0.0480311063980205	0.05024390243902439	56.98840579710145	57.56521739130435	3402.7619323671493	1300.7391304347825	0.0508651875711357	0.01314380843560555
5mC	low	3	0.0	0.0	0.333984375	0.001953125	0.7715686274509803	0.7647058823529411	0.020753512132822477	0.027777777777777776	0.08002554278416348	0.06896551724137931	0.5806922128130814	0.5910862281184193	0.029640532037504285	0.02943650126156434	40.97851851851852	59.05555555555556	1277.0432056194124	1495.1944444444443	0.10593025637613175	0.055800857398166925
6mA	high	3	0.2702623604925393	0.26989241706000433	0.5263553503787879	0.5419034090909091	0.6527777777777778	0.625	0.07145897950495651	0.037037037037037035	0.16593687283342454	0.1724137931034483	0.570811939554979	0.5728172109409954	0.05634801969256694	0.057190916736753576	58.857583774250436	59.535714285714285	1319.062382168704	1253.4814814814815	0.03991195988363481	0.05619624234985565
6mA	low	3	0.0	0.0	0.0	0.0	0.5271493212669683	0.5	0.0196078431372549	0.0	0.11613876319758674	0.058823529411764705	0.6213626410611658	0.5725218116251114	0.05006805724165839	0.0430416068866571	50.8552036199095	51.705882352941174	1619.076923076923	1499.0	0.06291308855139596	0.057148389040235247
