{
  "checkpoint": "/data/leuven/383/vsc38330/thesis_dimelo/train/c1_clean_label_q0p85_q0p5/cnn_v2_cleanlabel_pos0p85_neg0p5_5Mtrain_1Mval_01/best_model.pt",
  "data_npz": "/data/leuven/383/vsc38330/thesis_dimelo/train/c1_clean_label_q0p85_q0p5/merged_c1_cleanlabel_pos0p85_neg0p5_val_balanced_1M_per_class.nonoverlap.npz",
  "rows": 2000000,
  "label_counts": {
    "0": 1000000,
    "1": 1000000
  },
  "roc_auc": 0.59525143994,
  "average_precision_pr_auc": 0.5950937904597795,
  "probability_summary": {
    "min": 0.021883230656385422,
    "p01": 0.1896304339170456,
    "p05": 0.2933693826198578,
    "p25": 0.41930127143859863,
    "median": 0.4326564371585846,
    "p75": 0.4768701195716858,
    "p95": 0.6282556056976318,
    "p99": 0.7912924289703369,
    "max": 0.8948396444320679,
    "mean": 0.45192474126815796
  },
  "threshold_metrics": {
    "0.05": {
      "accuracy": 0.500029,
      "precision": 0.5000145006525294,
      "recall": 0.999984,
      "f1": 0.6666760002800085,
      "tp": 999984,
      "tn": 74,
      "fp": 999926,
      "fn": 16
    },
    "0.1": {
      "accuracy": 0.5004715,
      "precision": 0.5002359095928396,
      "recall": 0.999795,
      "f1": 0.6668307406640396,
      "tp": 999795,
      "tn": 1148,
      "fp": 998852,
      "fn": 205
    },
    "0.2": {
      "accuracy": 0.506541,
      "precision": 0.5033070461671937,
      "recall": 0.99549,
      "f1": 0.6685856936671437,
      "tp": 995490,
      "tn": 17592,
      "fp": 982408,
      "fn": 4510
    },
    "0.3": {
      "accuracy": 0.532536,
      "precision": 0.5178010631616037,
      "recall": 0.946414,
      "f1": 0.6693745853602644,
      "tp": 946414,
      "tn": 118658,
      "fp": 881342,
      "fn": 53586
    },
    "0.4": {
      "accuracy": 0.5532,
      "precision": 0.5315388965891751,
      "recall": 0.896603,
      "f1": 0.6674117893141522,
      "tp": 896603,
      "tn": 209797,
      "fp": 790203,
      "fn": 103397
    },
    "0.5": {
      "accuracy": 0.543756,
      "precision": 0.6559094958132906,
      "recall": 0.184081,
      "f1": 0.28748057626986295,
      "tp": 184081,
      "tn": 903431,
      "fp": 96569,
      "fn": 815919
    },
    "0.6": {
      "accuracy": 0.53478,
      "precision": 0.685649774209734,
      "recall": 0.128451,
      "f1": 0.21636731455637886,
      "tp": 128451,
      "tn": 941109,
      "fp": 58891,
      "fn": 871549
    },
    "0.7": {
      "accuracy": 0.5226365,
      "precision": 0.8221498000483869,
      "recall": 0.05777,
      "f1": 0.10795437026461623,
      "tp": 57770,
      "tn": 987503,
      "fp": 12497,
      "fn": 942230
    },
    "0.8": {
      "accuracy": 0.5002325,
      "precision": 0.5731822474032106,
      "recall": 0.001821,
      "f1": 0.0036304660094878573,
      "tp": 1821,
      "tn": 998644,
      "fp": 1356,
      "fn": 998179
    },
    "0.9": {
      "accuracy": 0.5,
      "precision": 0.0,
      "recall": 0.0,
      "f1": 0.0,
      "tp": 0,
      "tn": 1000000,
      "fp": 0,
      "fn": 1000000
    },
    "0.95": {
      "accuracy": 0.5,
      "precision": 0.0,
      "recall": 0.0,
      "f1": 0.0,
      "tp": 0,
      "tn": 1000000,
      "fp": 0,
      "fn": 1000000
    }
  },
  "best_f1": {
    "threshold": 0.35000000000000003,
    "metrics": {
      "accuracy": 0.5482035,
      "precision": 0.5275304626438176,
      "recall": 0.923661,
      "f1": 0.6715300181939463,
      "tp": 923661,
      "tn": 172746,
      "fp": 827254,
      "fn": 76339
    }
  },
  "best_accuracy": {
    "threshold": 0.45,
    "metrics": {
      "accuracy": 0.561448,
      "precision": 0.5647987430005589,
      "recall": 0.535593,
      "f1": 0.5498082934265431,
      "tp": 535593,
      "tn": 587303,
      "fp": 412697,
      "fn": 464407
    }
  }
}