sample	n	mean	std	q10	median	q90
merged_e5b	120000	58.63294982910156	39.16885757446289	0.0	70.37000274658203	100.0
