sample	Q1	Q2	Q3	Q4	Q5	Q6	Q7	Q8	Q9	Q10
merged_e5b	1.914753	5.787847	2.725772	1.460433	1.480311	1.481122	1.485479	1.693782	1.495903	nan
