sample	mean_a_background	mean_a_promoter	mean_c_background	mean_c_promoter
merged_e5b	1.371874451637268	8.176262855529785	58.63294982910156	54.56386184692383
