hyena_model	pair	comparison_role	left_track	right_track	scope	intersection	min_dimelo_coverage	bootstrap_block_size	n_bins	pearson	spearman	normalized_mae	normalized_rmse	r2_squared_correlation	r2_predictive	pearson_ci_low	pearson_ci_high	spearman_ci_low	spearman_ci_high
old_hyenadna	T-H	secondary_cross_assay	external	hyena	all	pair_specific	5	10000	20377	0.5629632403789497	0.25303451314419	0.1352168617785782	0.1862251052357192	0.3169276100179671	-0.1345593186062883	0.5176753084407099	0.6015497611984127	0.2157248512587236	0.2878446110128992
old_hyenadna	A-H	secondary_cross_assay	alphagenome	hyena	all	pair_specific	5	10000	20377	0.5731840517688909	0.2569421668941172	0.1381032159768832	0.1862201426324027	0.3285399572022026	-0.1771219545102793	0.5269331993488493	0.6138302177454128	0.2129989526105552	0.299085275070269
old_hyenadna	H-D	primary_model_to_target	hyena	dimelo	all	pair_specific	5	10000	20376	0.6378719763946864	0.5254566768706617	0.1057660598340688	0.1522449248441063	0.4068806582696633	-0.5684458034415503	0.6020544493502038	0.6718953087921886	0.4913492499997541	0.5594651367703676
dna_plus_5mc_hyenadna	T-H	secondary_cross_assay	external	hyena	all	pair_specific	5	10000	20352	0.6276344167193604	0.2996293247832233	0.1740792063859696	0.2144617658298163	0.3939249610506517	-0.1329133835482179	0.5867564931285388	0.6589058959401387	0.2589713163619572	0.3390454434084647
dna_plus_5mc_hyenadna	A-H	secondary_cross_assay	alphagenome	hyena	all	pair_specific	5	10000	20352	0.6302629633436487	0.2999656206733426	0.1777865980374469	0.2168419007637745	0.3972314029627175	-0.1771353361441381	0.5850656868227175	0.6641010575638553	0.2509963908233411	0.3497396234810483
dna_plus_5mc_hyenadna	H-D	primary_model_to_target	hyena	dimelo	all	pair_specific	5	10000	20351	0.765810970749642	0.6587364191431693	0.0825391775895179	0.1191641814123192	0.586466442920509	-0.0934647922201672	0.7426834934445955	0.7873820175514648	0.6305573551031792	0.6865426308426187
