pair	n_bins_dna_plus_5mc_hyenadna	n_bins_old_hyenadna	normalized_mae_dna_plus_5mc_hyenadna	normalized_mae_old_hyenadna	normalized_rmse_dna_plus_5mc_hyenadna	normalized_rmse_old_hyenadna	pearson_dna_plus_5mc_hyenadna	pearson_old_hyenadna	spearman_dna_plus_5mc_hyenadna	spearman_old_hyenadna	delta_pearson_new_minus_old	delta_spearman_new_minus_old	delta_normalized_mae_new_minus_old
A-H	20352	20377	0.1777865980374469	0.1381032159768832	0.2168419007637745	0.1862201426324027	0.6302629633436487	0.5731840517688909	0.2999656206733426	0.2569421668941172	0.05707891157475786	0.043023453779225396	0.03968338206056371
H-D	20351	20376	0.0825391775895179	0.1057660598340688	0.1191641814123192	0.1522449248441063	0.765810970749642	0.6378719763946864	0.6587364191431693	0.5254566768706617	0.1279389943549556	0.1332797422725076	-0.023226882244550898
T-H	20352	20377	0.1740792063859696	0.1352168617785782	0.2144617658298163	0.1862251052357192	0.6276344167193604	0.5629632403789497	0.2996293247832233	0.25303451314419	0.06467117634041064	0.046594811639033284	0.03886234460739141
